budget,method,cell_accuracy_mean,cell_accuracy_std,integrated_quality_mean,integrated_quality_std,aggregate_distortion_mean,aggregate_distortion_std,data_quality_score_mean,data_quality_score_std,attack_success_reduction_mean,attack_success_reduction_std,entity_precision_mean,entity_precision_std,entity_recall_mean,entity_recall_std,entity_f1_mean,entity_f1_std,group_precision_mean,group_precision_std,group_recall_mean,group_recall_std,group_f1_mean,group_f1_std,duplicate_output_rate_mean,duplicate_output_rate_std,missing_entity_rate_mean,missing_entity_rate_std,false_positive_rate_mean,false_positive_rate_std,false_negative_rate_mean,false_negative_rate_std,repair_precision_mean,repair_precision_std,repair_recall_mean,repair_recall_std,runtime_sec_mean,runtime_sec_std,n_output_rows_mean,n_output_rows_std,n_records_mean,n_records_std,n_attacked_records_mean,n_attacked_records_std,n_duplicates_mean,n_duplicates_std
0.0,dependency_truth,0.998,0.0011857047236179463,0.998,0.0011857047236179463,0.0070165927567432,0.008179446280334696,1.0,0.0,0.93188963193698,0.08207383904587812,1.0,0.0,1.0,0.0,1.0,0.0,1.0,0.0,1.0,0.0,1.0,0.0,0.0,0.0,0.0,0.0,0.00082524896676476,0.0005311552575772361,0.0027991265644045802,0.002190302106305063,0.9954553102709713,0.003217031003948497,0.9972008734355953,0.0021903021063050514,0.8282495963998826,0.1886251361925663,300.0,0.0,2316.8,51.07053945280005,0.0,0.0,0.0,0.0
0.0,iterative_truth,0.9990476190476191,0.0007529232524210093,0.9990476190476191,0.0007529232524210093,0.00531202851170032,0.007089006613899447,1.0,0.0,0.9456371329884311,0.07652765756901947,1.0,0.0,1.0,0.0,1.0,0.0,0.0,0.0,0.0,0.0,0.0,0.0,0.0,0.0,0.0,0.0,0.0002781098897426446,0.0002230373649772617,0.00131914561964248,0.0011165251209086775,0.9985438215371085,0.0011657705319141683,0.9986808543803575,0.0011165251209086656,0.5687739863997194,0.19732102842746974,300.0,0.0,2316.8,51.07053945280005,0.0,0.0,0.0,0.0
0.0,majority,0.9982857142857142,0.001043281061914631,0.9982857142857142,0.001043281061914631,0.0036476900235685,0.0061569063672148,0.9995555555555555,0.000993807989999913,0.9753637479624707,0.03739145510888103,1.0,0.0,1.0,0.0,1.0,0.0,0.0,0.0,0.0,0.0,0.0,0.0,0.0,0.0,0.0,0.0,0.00041989462629398003,0.00027494866973247446,0.00265169008355134,0.001974151861508652,0.99767768415952,0.0016544675783510036,0.9973483099164486,0.001974151861508634,0.2384862371997769,0.04355144666092187,300.0,0.0,2316.8,51.07053945280005,0.0,0.0,0.0,0.0
0.0,no_repair,0.8300952380952381,0.07139634193516746,0.8300952380952381,0.07139634193516746,0.1166280319095857,0.039916734740197524,0.7922222222222223,0.0654188782357939,0.0,0.0,1.0,0.0,1.0,0.0,1.0,0.0,0.0,0.0,0.0,0.0,0.0,0.0,0.0,0.0,0.0,0.0,0.1445158894209191,0.0629426224569315,0.16395762269161918,0.0448616658927165,0.5145293109990071,0.08740854195070555,0.8360423773083807,0.0448616658927165,0.16971101899988522,0.029282132808301733,300.0,0.0,2316.8,51.07053945280005,0.0,0.0,0.0,0.0
0.0,outlier_removal,0.9984761904761905,0.0009759000729485024,0.9984761904761905,0.0009759000729485024,0.0036476900235685,0.0061569063672148,1.0,0.0,0.9753637479624707,0.03739145510888103,1.0,0.0,1.0,0.0,1.0,0.0,0.0,0.0,0.0,0.0,0.0,0.0,0.0,0.0,0.0,0.0,0.00036156007765754,0.00024112271731469386,0.00230416619128374,0.0016289220618285888,0.9980255102464766,0.0013996201189947351,0.9976958338087162,0.0016289220618286103,0.38239482120008006,0.16076325319929213,300.0,0.0,2316.8,51.07053945280005,0.0,0.0,0.0,0.0
0.0,parc,0.998,0.0011857047236179463,0.998,0.0011857047236179463,0.0070165927567432,0.008179446280334696,1.0,0.0,0.93188963193698,0.08207383904587812,1.0,0.0,1.0,0.0,1.0,0.0,1.0,0.0,1.0,0.0,1.0,0.0,0.0,0.0,0.0,0.0,0.00082524896676476,0.0005311552575772361,0.0027991265644045802,0.002190302106305063,0.9954553102709713,0.003217031003948497,0.9972008734355953,0.0021903021063050514,0.9294954532002635,0.4738048526922646,300.0,0.0,2316.8,51.07053945280005,0.0,0.0,0.0,0.0
0.0,provenance_unaware,0.997904761904762,0.0012865958177244513,0.997904761904762,0.0012865958177244513,0.007142258779241279,0.007465728748514819,0.9966666666666667,0.0011111111111110513,0.9333051375401558,0.07445000085928938,1.0,0.0,1.0,0.0,1.0,0.0,0.0,0.0,0.0,0.0,0.0,0.0,0.0,0.0,0.0,0.0,0.00075797983415872,0.0004449783229972116,0.0023359125056085,0.0010699373709018953,0.9959224579386609,0.001784098240109624,0.9976640874943914,0.0010699373709018628,0.2613216034000402,0.09175346955664296,300.0,0.0,2316.8,51.07053945280005,0.0,0.0,0.0,0.0
0.0,random_weighting,0.9962857142857142,0.0025951288749408033,0.9962857142857142,0.0025951288749408033,0.0136625693008165,0.011399993583455033,0.9962222222222221,0.0023040490392587025,0.8806990772527588,0.1044826946268615,1.0,0.0,1.0,0.0,1.0,0.0,0.0,0.0,0.0,0.0,0.0,0.0,0.0,0.0,0.0,0.0,0.00120451023557332,0.0009596223481080338,0.0049089148553142,0.003615887297986248,0.9936191229054623,0.004896596340515728,0.9950910851446858,0.0036158872979862623,0.21241745340000756,0.04105251224674594,300.0,0.0,2316.8,51.07053945280005,0.0,0.0,0.0,0.0
0.0,rule_only,0.9984761904761905,0.0009759000729485024,0.9984761904761905,0.0009759000729485024,0.0036476900235685,0.0061569063672148,1.0,0.0,0.9753637479624707,0.03739145510888103,1.0,0.0,1.0,0.0,1.0,0.0,0.0,0.0,0.0,0.0,0.0,0.0,0.0,0.0,0.0,0.0,0.00036156007765754,0.00024112271731469386,0.00230416619128374,0.0016289220618285888,0.9980255102464766,0.0013996201189947351,0.9976958338087162,0.0016289220618286103,0.24183330160016112,0.04407747227982817,300.0,0.0,2316.8,51.07053945280005,0.0,0.0,0.0,0.0
0.0,source_dependence,0.9918095238095239,0.003859787453173294,0.9918095238095239,0.003859787453173294,0.01135129066493554,0.009705933717734455,0.9942222222222222,0.0021372648957413086,0.8899803661634283,0.12446682040216236,1.0,0.0,1.0,0.0,1.0,0.0,1.0,0.0,1.0,0.0,1.0,0.0,0.0,0.0,0.0,0.0,0.00408474125871064,0.002371859248725358,0.0112031997466918,0.0042705095676331,0.9780069986951574,0.008592895967099586,0.9887968002533082,0.004270509567633065,0.2718008261998534,0.026050824124763953,300.0,0.0,2316.8,51.07053945280005,0.0,0.0,0.0,0.0
0.0,standard_fd,0.9984761904761905,0.0009759000729485024,0.9984761904761905,0.0009759000729485024,0.0036476900235685,0.0061569063672148,1.0,0.0,0.9753637479624707,0.03739145510888103,1.0,0.0,1.0,0.0,1.0,0.0,0.0,0.0,0.0,0.0,0.0,0.0,0.0,0.0,0.0,0.0,0.00036156007765754,0.00024112271731469386,0.00230416619128374,0.0016289220618285888,0.9980255102464766,0.0013996201189947351,0.9976958338087162,0.0016289220618286103,0.23058158300016202,0.04348234261209344,300.0,0.0,2316.8,51.07053945280005,0.0,0.0,0.0,0.0
0.05,dependency_truth,0.9970476190476191,0.001444357227438395,0.9970476190476191,0.001444357227438395,0.00893182630783864,0.009554699018723863,1.0,0.0,0.9289995585955471,0.0873284151032201,1.0,0.0,1.0,0.0,1.0,0.0,1.0,0.0,0.9111111111111111,0.12171612389003693,0.95,0.06846531968814573,0.0,0.0,0.0,0.0,0.0012687683277679,0.000615516094261877,0.00395229080202398,0.0024007864432818585,0.9935022711370667,0.0029483055680912906,0.996047709197976,0.0024007864432818546,0.6982908173999818,0.12142368182506619,300.0,0.0,2327.2,51.334199126897786,67.0,82.78888814327681,10.4,0.8944271909999161
0.05,iterative_truth,0.9978095238095239,0.0015282672891315228,0.9978095238095239,0.0015282672891315228,0.01424406228650702,0.010440993011770523,1.0,0.0,0.8982642574882569,0.08264057108964573,1.0,0.0,1.0,0.0,1.0,0.0,0.0,0.0,0.0,0.0,0.0,0.0,0.0,0.0,0.0,0.0,0.0008620620670875999,0.0006084939228169454,0.0032809688443539405,0.0028478215355487693,0.9957338883695686,0.002798151772315821,0.996719031155646,0.0028478215355487403,0.5962799812000753,0.17764476416565997,300.0,0.0,2327.2,51.334199126897786,67.0,82.78888814327681,10.4,0.8944271909999161
0.05,majority,0.9970476190476191,0.0017625481450782867,0.9970476190476191,0.0017625481450782867,0.0077693706435772196,0.007327007047584382,0.9973333333333333,0.0018592445034090058,0.9491713408255631,0.04715843239422179,1.0,0.0,1.0,0.0,1.0,0.0,0.0,0.0,0.0,0.0,0.0,0.0,0.0,0.0,0.0,0.0,0.0009322345832195799,0.0005785860274323383,0.00476287740725804,0.004094758440737059,0.995277001344884,0.0029326324571870804,0.9952371225927419,0.004094758440737015,0.21434125220030173,0.007931277717239857,300.0,0.0,2327.2,51.334199126897786,67.0,82.78888814327681,10.4,0.8944271909999161
0.05,no_repair,0.7697142857142858,0.06523427169886724,0.7697142857142858,0.06523427169886724,0.2433337800594893,0.20213714055855,0.7284444444444444,0.08536269749402714,0.0,0.0,1.0,0.0,1.0,0.0,1.0,0.0,0.0,0.0,0.0,0.0,0.0,0.0,0.0,0.0,0.0,0.0,0.20238828182207644,0.06171446310181972,0.2043734074925418,0.06890784364059054,0.43570921059230727,0.10838205360899497,0.7956265925074582,0.06890784364059052,0.14937462340009228,0.0072456026716976535,300.0,0.0,2327.2,51.334199126897786,67.0,82.78888814327681,10.4,0.8944271909999161
0.05,outlier_removal,0.9977142857142857,0.0014830868097521332,0.9977142857142857,0.0014830868097521332,0.0077693706435772196,0.007327007047584382,1.0,0.0,0.9491713408255631,0.04715843239422179,1.0,0.0,1.0,0.0,1.0,0.0,0.0,0.0,0.0,0.0,0.0,0.0,0.0,0.0,0.0,0.0,0.0006844509118665,0.000457508351369493,0.0035333782164476196,0.002981334314280176,0.9965447711860318,0.0022972922273907397,0.9964666217835523,0.0029813343142801743,0.3567539394001642,0.11922753423324493,300.0,0.0,2327.2,51.334199126897786,67.0,82.78888814327681,10.4,0.8944271909999161
0.05,parc,0.9971428571428571,0.0016495721976846273,0.9971428571428571,0.0016495721976846273,0.00890133285611658,0.00958990119837989,1.0,0.0,0.9290504518944649,0.08738001073014649,1.0,0.0,1.0,0.0,1.0,0.0,1.0,0.0,0.9111111111111111,0.12171612389003693,0.95,0.06846531968814573,0.0,0.0,0.0,0.0,0.00122495351836234,0.0007095344509066901,0.00385534460716214,0.0025789891811751984,0.9937928280377932,0.003574804998748295,0.9961446553928379,0.0025789891811752214,0.7077252144000795,0.20112261643209808,300.0,0.0,2327.2,51.334199126897786,67.0,82.78888814327681,10.4,0.8944271909999161
0.05,provenance_unaware,0.9951428571428572,0.0031479035963883346,0.9951428571428572,0.0031479035963883346,0.01986436778381228,0.010431876286852123,0.9946666666666667,0.0027666443551085805,0.8662618265796066,0.09449365743223075,1.0,0.0,1.0,0.0,1.0,0.0,0.0,0.0,0.0,0.0,0.0,0.0,0.0,0.0,0.0,0.0,0.0023426246272595,0.0016164843784671977,0.00701917236982498,0.00500559726232334,0.9883646729378306,0.006692410292156867,0.9929808276301749,0.005005597262323362,0.3060809805997678,0.18305076103934897,300.0,0.0,2327.2,51.334199126897786,67.0,82.78888814327681,10.4,0.8944271909999161
0.05,random_weighting,0.9941904761904763,0.003521878492781056,0.9941904761904763,0.003521878492781056,0.0208811578802375,0.013038719290768257,0.9935555555555556,0.00337016686402299,0.8662586272390488,0.10826956456477711,1.0,0.0,1.0,0.0,1.0,0.0,0.0,0.0,0.0,0.0,0.0,0.0,0.0,0.0,0.0,0.0,0.00251128022211338,0.0018027356934817921,0.00912847322580674,0.006684547706007909,0.98682620851647,0.008225395932182413,0.9908715267741932,0.0066845477060079395,0.19403976279995727,0.01778398698186513,300.0,0.0,2327.2,51.334199126897786,67.0,82.78888814327681,10.4,0.8944271909999161
0.05,rule_only,0.9977142857142857,0.0014830868097521332,0.9977142857142857,0.0014830868097521332,0.0077693706435772196,0.007327007047584382,1.0,0.0,0.9491713408255631,0.04715843239422179,1.0,0.0,1.0,0.0,1.0,0.0,0.0,0.0,0.0,0.0,0.0,0.0,0.0,0.0,0.0,0.0,0.0006844509118665,0.000457508351369493,0.0035333782164476196,0.002981334314280176,0.9965447711860318,0.0022972922273907397,0.9964666217835523,0.0029813343142801743,0.18877961380006805,0.006131103240596829,300.0,0.0,2327.2,51.334199126897786,67.0,82.78888814327681,10.4,0.8944271909999161
0.05,source_dependence,0.9906666666666666,0.002298574930694643,0.9906666666666666,0.002298574930694643,0.0130974524447765,0.008198099493760476,0.9937777777777779,0.0037350525142159775,0.9126301347462086,0.08594173096339333,1.0,0.0,1.0,0.0,1.0,0.0,1.0,0.0,0.9111111111111111,0.12171612389003693,0.95,0.06846531968814573,0.0,0.0,0.0,0.0,0.0048822065829791,0.00199187854923401,0.01167030910896112,0.003057782855908438,0.9743842062384231,0.009759523300958658,0.9883296908910388,0.0030577828559083704,0.322546903800071,0.12019326916083842,300.0,0.0,2327.2,51.334199126897786,67.0,82.78888814327681,10.4,0.8944271909999161
0.05,standard_fd,0.9977142857142857,0.0014830868097521332,0.9977142857142857,0.0014830868097521332,0.0077693706435772196,0.007327007047584382,1.0,0.0,0.9491713408255631,0.04715843239422179,1.0,0.0,1.0,0.0,1.0,0.0,0.0,0.0,0.0,0.0,0.0,0.0,0.0,0.0,0.0,0.0,0.0006844509118665,0.000457508351369493,0.0035333782164476196,0.002981334314280176,0.9965447711860318,0.0022972922273907397,0.9964666217835523,0.0029813343142801743,0.19834635499994416,0.004330788523798644,300.0,0.0,2327.2,51.334199126897786,67.0,82.78888814327681,10.4,0.8944271909999161
0.1,dependency_truth,0.9975238095238096,0.0012777531299999003,0.9975238095238096,0.0012777531299999003,0.007628141870488101,0.006918716491517369,1.0,0.0,0.9619307070081613,0.03849655520296971,1.0,0.0,1.0,0.0,1.0,0.0,1.0,0.0,0.8222222222222222,0.16850834320114558,0.8950000000000001,0.10062305898749051,0.0,0.0,0.0,0.0,0.001024541178210215,0.0006277442327150968,0.0026508221847416,0.0015495345893728274,0.9950849165684132,0.002856911330587864,0.9973491778152583,0.001549534589372866,0.6168402196001012,0.07728378670206008,300.0,0.0,2342.0,53.823786563191554,97.0,74.80307480311221,25.2,3.6331804249169903
0.1,iterative_truth,0.9977142857142857,0.0022436607598837447,0.9977142857142857,0.0022436607598837447,0.014778014530573758,0.017712607472712055,0.9997777777777778,0.0004969039949999906,0.9246321433073839,0.12094467387200637,1.0,0.0,1.0,0.0,1.0,0.0,0.0,0.0,0.0,0.0,0.0,0.0,0.0,0.0,0.0,0.0,0.000837905866740467,0.0010657736424029014,0.0026655549262108195,0.002078087994666652,0.9956389340471212,0.005652183468154857,0.9973344450737892,0.0020780879946666123,0.45522708640020254,0.024874226320420852,300.0,0.0,2342.0,53.823786563191554,97.0,74.80307480311221,25.2,3.6331804249169903
0.1,majority,0.9962857142857142,0.001916629694999901,0.9962857142857142,0.001916629694999901,0.01649519951109802,0.016925607066527508,0.9957777777777779,0.0016480441082435038,0.9064574574327102,0.11548968538654265,1.0,0.0,1.0,0.0,1.0,0.0,0.0,0.0,0.0,0.0,0.0,0.0,0.0,0.0,0.0,0.0,0.0013301897615324999,0.0006627785126338098,0.00504242006229318,0.002362762059948246,0.9932343390002829,0.00358155691888688,0.9949575799377068,0.002362762059948242,0.22849369080008725,0.014339839078660401,300.0,0.0,2342.0,53.823786563191554,97.0,74.80307480311221,25.2,3.6331804249169903
0.1,no_repair,0.7406666666666666,0.06617557214868904,0.7406666666666666,0.06617557214868904,0.2630620298883367,0.18381739156655205,0.7064444444444444,0.07848645397003311,0.0,0.0,1.0,0.0,1.0,0.0,1.0,0.0,0.0,0.0,0.0,0.0,0.0,0.0,0.0,0.0,0.0,0.0,0.2285693152691505,0.062224901907245944,0.20893724850909923,0.05800487557333678,0.41591885721588107,0.09722263407857548,0.7910627514909008,0.05800487557333672,0.16204027279966335,0.010130357748172746,300.0,0.0,2342.0,53.823786563191554,97.0,74.80307480311221,25.2,3.6331804249169903
0.1,outlier_removal,0.9964761904761905,0.0024651769724847983,0.9964761904761905,0.0024651769724847983,0.017116225498567637,0.0180239526911235,1.0,0.0,0.9023719228311637,0.12309408205666941,1.0,0.0,1.0,0.0,1.0,0.0,0.0,0.0,0.0,0.0,0.0,0.0,0.0,0.0,0.0,0.0,0.00142246333772878,0.001199618495483975,0.00407504521763228,0.0025588261568872794,0.9928487573112292,0.006310355233491437,0.9959249547823678,0.0025588261568872763,0.340372868199961,0.13092827790847902,300.0,0.0,2342.0,53.823786563191554,97.0,74.80307480311221,25.2,3.6331804249169903
0.1,parc,0.9975238095238096,0.0012777531299999003,0.9975238095238096,0.0012777531299999003,0.007628141870488101,0.006918716491517369,1.0,0.0,0.9619307070081613,0.03849655520296971,1.0,0.0,1.0,0.0,1.0,0.0,1.0,0.0,0.8222222222222222,0.16850834320114558,0.8950000000000001,0.10062305898749051,0.0,0.0,0.0,0.0,0.001024541178210215,0.0006277442327150968,0.0026508221847416,0.0015495345893728274,0.9950849165684132,0.002856911330587864,0.9973491778152583,0.001549534589372866,0.7501040937998482,0.13011699306267852,300.0,0.0,2342.0,53.823786563191554,97.0,74.80307480311221,25.2,3.6331804249169903
0.1,provenance_unaware,0.9922857142857142,0.0020314980007334945,0.9922857142857142,0.0020314980007334945,0.0278043746441393,0.01510596927407071,0.9902222222222223,0.003880944265905108,0.8606100415250648,0.11391810800627049,1.0,0.0,1.0,0.0,1.0,0.0,0.0,0.0,0.0,0.0,0.0,0.0,0.0,0.0,0.0,0.0,0.004187181693505041,0.001298408581953626,0.01016944399696062,0.0018068259262475862,0.9794676836947837,0.0045827972809496815,0.9898305560030393,0.0018068259262475376,0.19181873800005175,0.022515698295807577,300.0,0.0,2342.0,53.823786563191554,97.0,74.80307480311221,25.2,3.6331804249169903
0.1,random_weighting,0.9923809523809524,0.0036421567954233983,0.9923809523809524,0.0036421567954233983,0.027937531815758043,0.016150393709629535,0.9908888888888889,0.002876039801232251,0.8579686607944049,0.12492072141932596,1.0,0.0,1.0,0.0,1.0,0.0,0.0,0.0,0.0,0.0,0.0,0.0,0.0,0.0,0.0,0.0,0.0032071357470585997,0.0017901501615031677,0.00969507371132696,0.004615437178956768,0.9837295013279228,0.009323286194209787,0.9903049262886731,0.004615437178956788,0.2356021599998257,0.11000465327051676,300.0,0.0,2342.0,53.823786563191554,97.0,74.80307480311221,25.2,3.6331804249169903
0.1,rule_only,0.9963809523809525,0.0026641144248951442,0.9963809523809525,0.0026641144248951442,0.01649519951109802,0.016925607066527508,1.0,0.0,0.9064574574327102,0.11548968538654265,1.0,0.0,1.0,0.0,1.0,0.0,0.0,0.0,0.0,0.0,0.0,0.0,0.0,0.0,0.0,0.0,0.00143716057464824,0.0012307737529861664,0.00415310923012252,0.0027170660070335315,0.9927714775585244,0.006479002424145616,0.9958468907698774,0.002717066007033544,0.23671196160006497,0.10361229769117324,300.0,0.0,2342.0,53.823786563191554,97.0,74.80307480311221,25.2,3.6331804249169903
0.1,source_dependence,0.9914285714285714,0.002451340509758778,0.9914285714285714,0.002451340509758778,0.013357880878300398,0.006643887712484668,0.9937777777777779,0.0027888667551136336,0.9390608717824677,0.039869375623699625,1.0,0.0,1.0,0.0,1.0,0.0,1.0,0.0,0.8222222222222222,0.16850834320114558,0.8950000000000001,0.10062305898749051,0.0,0.0,0.0,0.0,0.004081186159611861,0.0017894054274624547,0.01055575653111362,0.0020935749612762283,0.9800408515301839,0.006679890613609743,0.9894442434688864,0.002093574961276206,0.268350220000184,0.027165653416822505,300.0,0.0,2342.0,53.823786563191554,97.0,74.80307480311221,25.2,3.6331804249169903
0.1,standard_fd,0.9963809523809525,0.0026641144248951442,0.9963809523809525,0.0026641144248951442,0.01649519951109802,0.016925607066527508,1.0,0.0,0.9064574574327102,0.11548968538654265,1.0,0.0,1.0,0.0,1.0,0.0,0.0,0.0,0.0,0.0,0.0,0.0,0.0,0.0,0.0,0.0,0.00143716057464824,0.0012307737529861664,0.00415310923012252,0.0027170660070335315,0.9927714775585244,0.006479002424145616,0.9958468907698774,0.002717066007033544,0.19848618079996636,0.004632187278494929,300.0,0.0,2342.0,53.823786563191554,97.0,74.80307480311221,25.2,3.6331804249169903
0.15,dependency_truth,0.9975238095238096,0.001085881357237341,0.9975238095238096,0.001085881357237341,0.00391345639645432,0.003947386980931882,1.0,0.0,0.99027382353358,0.010633057044571128,1.0,0.0,1.0,0.0,1.0,0.0,1.0,0.0,0.8666666666666666,0.18257418583505536,0.9199999999999999,0.10954451150103316,0.0,0.0,0.0,0.0,0.0011089216891161401,0.0005968829825020224,0.0029675159339292803,0.0015950624857881755,0.9953040637524007,0.0021834240061624865,0.9970324840660707,0.001595062485788139,0.6131366284002298,0.02384291209460951,300.0,0.0,2386.4,51.0274435965589,189.0,78.1504958397578,69.6,4.560701700396552
0.15,iterative_truth,0.9959047619047621,0.0023473823893079004,0.9959047619047621,0.0023473823893079004,0.01597968789840608,0.009481138785480101,1.0,0.0,0.9600362843067893,0.0266039738793931,1.0,0.0,1.0,0.0,1.0,0.0,0.0,0.0,0.0,0.0,0.0,0.0,0.0,0.0,0.0,0.0,0.00195689549500612,0.0011303364410690598,0.0054236982828891,0.0041810406965461806,0.9918087469954596,0.004338500358832813,0.9945763017171109,0.004181040696546164,0.5214755261999358,0.14518115702531173,300.0,0.0,2386.4,51.0274435965589,189.0,78.1504958397578,69.6,4.560701700396552
0.15,majority,0.9904761904761905,0.0021028002062685094,0.9904761904761905,0.0021028002062685094,0.03402959327763414,0.016019121527371276,0.9871111111111113,0.003735052514215893,0.9136424584477243,0.04835082654418719,1.0,0.0,1.0,0.0,1.0,0.0,0.0,0.0,0.0,0.0,0.0,0.0,0.0,0.0,0.0,0.0,0.0042874198078783,0.001274211010723301,0.01748607112721754,0.009421304692661107,0.9805780586194152,0.008182839073173832,0.9825139288727824,0.009421304692661123,0.22019813580004666,0.008204084756633161,300.0,0.0,2386.4,51.0274435965589,189.0,78.1504958397578,69.6,4.560701700396552
0.15,no_repair,0.6926666666666667,0.05175119265333974,0.6926666666666667,0.05175119265333974,0.42565832053655833,0.13908296888019364,0.6722222222222223,0.06729793715767966,0.0,0.0,1.0,0.0,1.0,0.0,1.0,0.0,0.0,0.0,0.0,0.0,0.0,0.0,0.0,0.0,0.0,0.0,0.27444850070283744,0.04674457774647396,0.2312982223117781,0.04847853584696021,0.3926089846059856,0.06623790923759909,0.7687017776882219,0.04847853584696028,0.15061193739969664,0.0014669013279593908,300.0,0.0,2386.4,51.0274435965589,189.0,78.1504958397578,69.6,4.560701700396552
0.15,outlier_removal,0.9915238095238095,0.0032888184094917896,0.9915238095238095,0.0032888184094917896,0.03402959327763414,0.016019121527371276,0.9993333333333332,0.0009938079899999277,0.9136424584477243,0.04835082654418719,1.0,0.0,1.0,0.0,1.0,0.0,0.0,0.0,0.0,0.0,0.0,0.0,0.0,0.0,0.0,0.0,0.00408625439941372,0.0019892738349885143,0.014182283251635619,0.007377898270772026,0.9814786871281767,0.01081734089862371,0.9858177167483644,0.007377898270772068,0.27329915099984414,0.013676424808370523,300.0,0.0,2386.4,51.0274435965589,189.0,78.1504958397578,69.6,4.560701700396552
0.15,parc,0.9976190476190476,0.001259881576697455,0.9976190476190476,0.001259881576697455,0.00319878984145342,0.004329352473922021,1.0,0.0,0.9913391633332015,0.01142164579505593,1.0,0.0,1.0,0.0,1.0,0.0,1.0,0.0,0.8666666666666666,0.18257418583505536,0.9199999999999999,0.10954451150103316,0.0,0.0,0.0,0.0,0.00105007652545302,0.0006868719915855243,0.00289088758143886,0.0017306865366021685,0.9956099323086265,0.00265909590233418,0.997109112418561,0.0017306865366022034,0.6650543523999886,0.12155473213183118,300.0,0.0,2386.4,51.0274435965589,189.0,78.1504958397578,69.6,4.560701700396552
0.15,provenance_unaware,0.9766666666666666,0.003531523089093131,0.9766666666666666,0.003531523089093131,0.085495017816608,0.019043741560749214,0.9751111111111112,0.004485917608485863,0.7772717970443523,0.08765079062620723,1.0,0.0,1.0,0.0,1.0,0.0,0.0,0.0,0.0,0.0,0.0,0.0,0.0,0.0,0.0,0.0,0.014607626681389202,0.0034932257176032823,0.03661144495555632,0.008896727054912453,0.9375948561054557,0.013432222404332818,0.9633885550444437,0.00889672705491245,0.17698533739991257,0.004233945610402829,300.0,0.0,2386.4,51.0274435965589,189.0,78.1504958397578,69.6,4.560701700396552
0.15,random_weighting,0.9807619047619047,0.006612020936270427,0.9807619047619047,0.006612020936270427,0.05814901129143566,0.025647538319452014,0.9762222222222222,0.008556277025857031,0.849705892787749,0.09119691378153154,1.0,0.0,1.0,0.0,1.0,0.0,0.0,0.0,0.0,0.0,0.0,0.0,0.0,0.0,0.0,0.0,0.01090649074819304,0.004765372028174694,0.028677773166500997,0.016861416550947313,0.9514635108493718,0.02548763009577284,0.971322226833499,0.016861416550947316,0.18112669980006327,0.006743636568815612,300.0,0.0,2386.4,51.0274435965589,189.0,78.1504958397578,69.6,4.560701700396552
0.15,rule_only,0.9915238095238095,0.0032888184094917896,0.9915238095238095,0.0032888184094917896,0.03402959327763414,0.016019121527371276,0.9993333333333332,0.0009938079899999277,0.9136424584477243,0.04835082654418719,1.0,0.0,1.0,0.0,1.0,0.0,0.0,0.0,0.0,0.0,0.0,0.0,0.0,0.0,0.0,0.0,0.00408625439941372,0.0019892738349885143,0.014182283251635619,0.007377898270772026,0.9814786871281767,0.01081734089862371,0.9858177167483644,0.007377898270772068,0.19559138959991737,0.004866012637830524,300.0,0.0,2386.4,51.0274435965589,189.0,78.1504958397578,69.6,4.560701700396552
0.15,source_dependence,0.9893333333333333,0.0039065036765701736,0.9893333333333333,0.0039065036765701736,0.01610809112689482,0.006322362697891594,0.9913333333333334,0.003880944265905057,0.9588671587525865,0.023013046513577374,1.0,0.0,1.0,0.0,1.0,0.0,1.0,0.0,0.8666666666666666,0.18257418583505536,0.9199999999999999,0.10954451150103316,0.0,0.0,0.0,0.0,0.0053538626361234794,0.002557061989254256,0.012069150984659199,0.003153071345820964,0.9774434228167985,0.008739933520814265,0.9879308490153408,0.0031530713458209907,0.2593671954003298,0.00817930379897872,300.0,0.0,2386.4,51.0274435965589,189.0,78.1504958397578,69.6,4.560701700396552
0.15,standard_fd,0.9915238095238095,0.0032888184094917896,0.9915238095238095,0.0032888184094917896,0.03402959327763414,0.016019121527371276,0.9993333333333332,0.0009938079899999277,0.9136424584477243,0.04835082654418719,1.0,0.0,1.0,0.0,1.0,0.0,0.0,0.0,0.0,0.0,0.0,0.0,0.0,0.0,0.0,0.0,0.00408625439941372,0.0019892738349885143,0.014182283251635619,0.007377898270772026,0.9814786871281767,0.01081734089862371,0.9858177167483644,0.007377898270772068,0.20126707799981883,0.008650908288204808,300.0,0.0,2386.4,51.0274435965589,189.0,78.1504958397578,69.6,4.560701700396552
0.2,dependency_truth,0.9961904761904762,0.0019633836312464453,0.9961904761904762,0.0019633836312464453,0.01523651626166988,0.015143400297658875,1.0,0.0,0.968194515052726,0.03419443156771173,1.0,0.0,1.0,0.0,1.0,0.0,1.0,0.0,0.7333333333333333,0.060858061945018485,0.8450000000000001,0.041079191812887494,0.0,0.0,0.0,0.0,0.0015404989902831,0.0008974076349933064,0.00506391324220792,0.003553079330820395,0.9939099882191563,0.003261511948098613,0.9949360867577921,0.003553079330820375,0.6075849615997868,0.015134609137695107,300.0,0.0,2418.0,50.32891812864648,243.0,70.02142529254886,101.2,3.03315017762062
0.2,iterative_truth,0.9929523809523809,0.005444004795058186,0.9929523809523809,0.005444004795058186,0.043653619259319244,0.05235001987971631,0.9995555555555555,0.0006085806194502155,0.9023148656545011,0.11640607430674328,1.0,0.0,1.0,0.0,1.0,0.0,0.0,0.0,0.0,0.0,0.0,0.0,0.0,0.0,0.0,0.0,0.003438192851849841,0.0028549720164032953,0.01143848543883812,0.010426651867968355,0.9867079230406495,0.010660458221609572,0.9885615145611618,0.010426651867968335,0.5078620033999073,0.09930861147567815,300.0,0.0,2418.0,50.32891812864648,243.0,70.02142529254886,101.2,3.03315017762062
0.2,majority,0.9868571428571429,0.004804570764049323,0.9868571428571429,0.004804570764049323,0.043447464970918434,0.01233321810980597,0.9782222222222222,0.009216196157034496,0.9077494044716176,0.03854293739961785,1.0,0.0,1.0,0.0,1.0,0.0,0.0,0.0,0.0,0.0,0.0,0.0,0.0,0.0,0.0,0.0,0.00604108548479812,0.0023054248850667486,0.01967314685546508,0.00614062529494429,0.9759642913484301,0.007987049279320054,0.9803268531445349,0.006140625294944308,0.21255427119998554,0.004421738707006902,300.0,0.0,2418.0,50.32891812864648,243.0,70.02142529254886,101.2,3.03315017762062
0.2,no_repair,0.6640952380952381,0.0450429374392027,0.6640952380952381,0.0450429374392027,0.5108647362193588,0.1262450412949052,0.6473333333333333,0.05905950127928632,0.0,0.0,1.0,0.0,1.0,0.0,1.0,0.0,0.0,0.0,0.0,0.0,0.0,0.0,0.0,0.0,0.0,0.0,0.3016038361238088,0.045305840027916065,0.23009873836667522,0.029247699126067016,0.38705222245644383,0.054844622010678724,0.7699012616333247,0.029247699126066975,0.19465815180030857,0.08403634946828627,300.0,0.0,2418.0,50.32891812864648,243.0,70.02142529254886,101.2,3.03315017762062
0.2,outlier_removal,0.9895238095238096,0.004110161071817177,0.9895238095238096,0.004110161071817177,0.043447464970918434,0.01233321810980597,0.9986666666666666,0.0004969039949999378,0.9077494044716176,0.03854293739961785,1.0,0.0,1.0,0.0,1.0,0.0,0.0,0.0,0.0,0.0,0.0,0.0,0.0,0.0,0.0,0.0,0.00510728139017564,0.002361051680509258,0.014133753713568458,0.006575795920762346,0.9797937099788774,0.008387018607264068,0.9858662462864315,0.006575795920762234,0.2812826237999616,0.023209281818501168,300.0,0.0,2418.0,50.32891812864648,243.0,70.02142529254886,101.2,3.03315017762062
0.2,parc,0.9962857142857142,0.002086562123829148,0.9962857142857142,0.002086562123829148,0.0152060228099478,0.015145897919650651,1.0,0.0,0.9682371160443235,0.03421296727367726,1.0,0.0,1.0,0.0,1.0,0.0,1.0,0.0,0.7333333333333333,0.060858061945018485,0.8450000000000001,0.041079191812887494,0.0,0.0,0.0,0.0,0.00149644612684698,0.0009464436269843947,0.0049923568915818005,0.003629302800512428,0.9941238654784232,0.0034672589958466248,0.995007643108418,0.003629302800512405,0.7308616759999836,0.13522045552493653,300.0,0.0,2418.0,50.32891812864648,243.0,70.02142529254886,101.2,3.03315017762062
0.2,provenance_unaware,0.9648571428571427,0.01545383000029453,0.9648571428571427,0.01545383000029453,0.12763717692208562,0.08740045540131747,0.9595555555555556,0.014285449733000158,0.7258508137377915,0.20696781028502145,1.0,0.0,1.0,0.0,1.0,0.0,0.0,0.0,0.0,0.0,0.0,0.0,0.0,0.0,0.0,0.0,0.02181680163769002,0.01100166144982235,0.04849237482905838,0.015339989201196188,0.9172572531112954,0.037909375612166576,0.9515076251709417,0.015339989201196221,0.17292372679985415,0.0032408944740635556,300.0,0.0,2418.0,50.32891812864648,243.0,70.02142529254886,101.2,3.03315017762062
0.2,random_weighting,0.9741904761904762,0.004646213682914437,0.9741904761904762,0.004646213682914437,0.10895976568588568,0.05990375750903859,0.9666666666666666,0.007243558228002937,0.7762457507750433,0.14183873485736234,1.0,0.0,1.0,0.0,1.0,0.0,0.0,0.0,0.0,0.0,0.0,0.0,0.0,0.0,0.0,0.0,0.01434175751654208,0.004079309223534295,0.03668789955683392,0.012714064434127047,0.9419909595318575,0.01736834774010488,0.9633121004431662,0.0127140644341271,0.17817626900011868,0.007561288749190943,300.0,0.0,2418.0,50.32891812864648,243.0,70.02142529254886,101.2,3.03315017762062
0.2,rule_only,0.9895238095238096,0.004110161071817177,0.9895238095238096,0.004110161071817177,0.043447464970918434,0.01233321810980597,0.9986666666666666,0.0004969039949999378,0.9077494044716176,0.03854293739961785,1.0,0.0,1.0,0.0,1.0,0.0,0.0,0.0,0.0,0.0,0.0,0.0,0.0,0.0,0.0,0.0,0.00510728139017564,0.002361051680509258,0.014133753713568458,0.006575795920762346,0.9797937099788774,0.008387018607264068,0.9858662462864315,0.006575795920762234,0.18963095839994817,0.0071861309126703765,300.0,0.0,2418.0,50.32891812864648,243.0,70.02142529254886,101.2,3.03315017762062
0.2,source_dependence,0.9893333333333333,0.001452185779235846,0.9893333333333333,0.001452185779235846,0.016557974714852618,0.007124576523509905,0.9915555555555556,0.0027888667551136197,0.9646941773313275,0.019433784608514887,1.0,0.0,1.0,0.0,1.0,0.0,1.0,0.0,0.7333333333333333,0.060858061945018485,0.8450000000000001,0.041079191812887494,0.0,0.0,0.0,0.0,0.00497905737652894,0.0007317055808786848,0.01154304847871224,0.0031046068587392457,0.979744522359776,0.0029280810451720804,0.9884569515212878,0.0031046068587393233,0.27866884539989767,0.04985006458140698,300.0,0.0,2418.0,50.32891812864648,243.0,70.02142529254886,101.2,3.03315017762062
0.2,standard_fd,0.9895238095238096,0.004110161071817177,0.9895238095238096,0.004110161071817177,0.043447464970918434,0.01233321810980597,0.9986666666666666,0.0004969039949999378,0.9077494044716176,0.03854293739961785,1.0,0.0,1.0,0.0,1.0,0.0,0.0,0.0,0.0,0.0,0.0,0.0,0.0,0.0,0.0,0.0,0.00510728139017564,0.002361051680509258,0.014133753713568458,0.006575795920762346,0.9797937099788774,0.008387018607264068,0.9858662462864315,0.006575795920762234,0.19162982180007473,0.0060431647024186555,300.0,0.0,2418.0,50.32891812864648,243.0,70.02142529254886,101.2,3.03315017762062
0.25,dependency_truth,0.9813333333333334,0.004143130806506029,0.9734860317460317,0.006237807093793408,0.01514476564934634,0.011122049938540378,1.0,0.0,0.9762893349270808,0.019897327771624992,0.992,0.0038005847503304307,0.992,0.0038005847503304307,0.992,0.0038005847503304307,1.0,0.0,0.5777777777777777,0.12171612389003693,0.7266483516483516,0.0933358652712044,0.00799999999999996,0.0038005847503304697,0.00799999999999996,0.0038005847503304697,0.008036829468282039,0.0035865384564098763,0.006369139890504,0.005152109808883016,0.976062940092819,0.010114115221024402,0.9936308601094959,0.005152109808883136,0.7562835052000537,0.211358300445429,300.0,0.0,2602.4,58.43201177436906,531.2,81.161567259387,285.6,10.261578825892244
0.25,iterative_truth,0.9458095238095238,0.021235639405310522,0.9381857142857143,0.01795885789719194,0.22513959275687548,0.13629940245628383,0.9959999999999999,0.002897423291201272,0.6456231519698785,0.2616796573705009,0.992,0.0038005847503304307,0.992,0.0038005847503304307,0.992,0.0038005847503304307,0.0,0.0,0.0,0.0,0.0,0.0,0.00799999999999996,0.0038005847503304697,0.00799999999999996,0.0038005847503304697,0.03142447144034822,0.017635038464486018,0.06354959865200394,0.026875895096727092,0.9105097709442935,0.04517626001452547,0.9364504013479958,0.026875895096727134,0.4502881599999796,0.013629569166074945,300.0,0.0,2602.4,58.43201177436906,531.2,81.161567259387,285.6,10.261578825892244
0.25,majority,0.9300952380952381,0.004825762308631731,0.9226447619047619,0.0036027883157734083,0.25394036769094896,0.04594668197084125,0.9293333333333333,0.013644516829341046,0.6316451096036018,0.10561777313830115,0.992,0.0038005847503304307,0.992,0.0038005847503304307,0.992,0.0038005847503304307,0.0,0.0,0.0,0.0,0.0,0.0,0.00799999999999996,0.0038005847503304697,0.00799999999999996,0.0038005847503304697,0.03924950787258658,0.005006248102551361,0.09445740962743396,0.014367826633123198,0.8842632891730535,0.01430334539563596,0.9055425903725659,0.014367826633123226,0.22931879319997955,0.017236017512997685,300.0,0.0,2602.4,58.43201177436906,531.2,81.161567259387,285.6,10.261578825892244
0.25,no_repair,0.6132380952380952,0.06875669417007542,0.6083666666666667,0.0686639969687012,0.7221475000557702,0.16318013000736192,0.5962222222222222,0.08872763150559472,0.0,0.0,0.992,0.0038005847503304307,0.992,0.0038005847503304307,0.992,0.0038005847503304307,0.0,0.0,0.0,0.0,0.0,0.0,0.00799999999999996,0.0038005847503304697,0.00799999999999996,0.0038005847503304697,0.34372597349520745,0.06954534060778064,0.24620530785711278,0.04650262658668016,0.42572926107539394,0.0677400891631578,0.7537946921428872,0.04650262658668016,0.16305688019986062,0.010969657751700623,300.0,0.0,2602.4,58.43201177436906,531.2,81.161567259387,285.6,10.261578825892244
0.25,outlier_removal,0.9304761904761906,0.005334608691049519,0.9230288888888889,0.005694124309346445,0.25394036769094896,0.04594668197084125,0.9942222222222222,0.0009296222517045852,0.6316451096036018,0.10561777313830115,0.992,0.0038005847503304307,0.992,0.0038005847503304307,0.992,0.0038005847503304307,0.0,0.0,0.0,0.0,0.0,0.0,0.00799999999999996,0.0038005847503304697,0.00799999999999996,0.0038005847503304697,0.0406450587472865,0.005580289543804535,0.08318957984579925,0.015962188039019626,0.8815657575927538,0.0193147821736776,0.9168104201542008,0.01596218803901965,0.3494663905999801,0.14065967577165403,300.0,0.0,2602.4,58.43201177436906,531.2,81.161567259387,285.6,10.261578825892244
0.25,parc,0.9814285714285715,0.004137654094519793,0.9735803174603175,0.006196964304486546,0.01511795965959476,0.011161569817058369,1.0,0.0,0.9763181993876587,0.01993637244424004,0.992,0.0038005847503304307,0.992,0.0038005847503304307,0.992,0.0038005847503304307,1.0,0.0,0.5777777777777777,0.12171612389003693,0.7266483516483516,0.0933358652712044,0.00799999999999996,0.0038005847503304697,0.00799999999999996,0.0038005847503304697,0.00800788381374842,0.003598098807342209,0.0063255763967118,0.005181129366728905,0.9761477309797248,0.010151247405397466,0.9936744236032882,0.005181129366729003,0.850486524399912,0.21098525632506643,300.0,0.0,2602.4,58.43201177436906,531.2,81.161567259387,285.6,10.261578825892244
0.25,provenance_unaware,0.8814285714285713,0.024467109673647815,0.8743088888888888,0.021250773068504397,0.46868174986005995,0.12240740971080877,0.8906666666666666,0.03130495168499703,0.30017039051195316,0.31402289977548015,0.992,0.0038005847503304307,0.992,0.0038005847503304307,0.992,0.0038005847503304307,0.0,0.0,0.0,0.0,0.0,0.0,0.00799999999999996,0.0038005847503304697,0.00799999999999996,0.0038005847503304697,0.08055706202448554,0.023466997202711296,0.14348043287859907,0.025182976414080658,0.7819237784187022,0.04566573926655905,0.856519567121401,0.02518297641408064,0.23309955180005767,0.12656757098304822,300.0,0.0,2602.4,58.43201177436906,531.2,81.161567259387,285.6,10.261578825892244
0.25,random_weighting,0.9236190476190476,0.018355274440150546,0.9162323809523809,0.018682533229489987,0.2716572629161997,0.1158772760504073,0.9297777777777778,0.022199988877763827,0.5981363921453806,0.22274710432873132,0.992,0.0038005847503304307,0.992,0.0038005847503304307,0.992,0.0038005847503304307,0.0,0.0,0.0,0.0,0.0,0.0,0.00799999999999996,0.0038005847503304697,0.00799999999999996,0.0038005847503304697,0.04810531267381536,0.01493912281084559,0.09068997412448739,0.030356319430019894,0.8614329873661342,0.04543930558624659,0.9093100258755126,0.030356319430019884,0.18497642899995978,0.011009325500825904,300.0,0.0,2602.4,58.43201177436906,531.2,81.161567259387,285.6,10.261578825892244
0.25,rule_only,0.9304761904761906,0.005334608691049519,0.9230288888888889,0.005694124309346445,0.25394036769094896,0.04594668197084125,0.9942222222222222,0.0009296222517045852,0.6316451096036018,0.10561777313830115,0.992,0.0038005847503304307,0.992,0.0038005847503304307,0.992,0.0038005847503304307,0.0,0.0,0.0,0.0,0.0,0.0,0.00799999999999996,0.0038005847503304697,0.00799999999999996,0.0038005847503304697,0.0406450587472865,0.005580289543804535,0.08318957984579925,0.015962188039019626,0.8815657575927538,0.0193147821736776,0.9168104201542008,0.01596218803901965,0.1985575090000793,0.010378336357510757,300.0,0.0,2602.4,58.43201177436906,531.2,81.161567259387,285.6,10.261578825892244
0.25,source_dependence,0.9731428571428571,0.0026641144248951143,0.9653644444444446,0.006071268760216403,0.03524149489745434,0.012991687533392192,0.9884444444444445,0.006601533678894682,0.9465197278092731,0.027337327635336823,0.992,0.0038005847503304307,0.992,0.0038005847503304307,0.992,0.0038005847503304307,1.0,0.0,0.5777777777777777,0.12171612389003693,0.7266483516483516,0.0933358652712044,0.00799999999999996,0.0038005847503304697,0.00799999999999996,0.0038005847503304697,0.011577813820792999,0.0013032930046822115,0.0174361431449372,0.00393779859814244,0.9653977330235435,0.005983246103104755,0.9825638568550626,0.003937798598142435,0.3107983014000297,0.13210463906326664,300.0,0.0,2602.4,58.43201177436906,531.2,81.161567259387,285.6,10.261578825892244
0.25,standard_fd,0.9304761904761906,0.005334608691049519,0.9230288888888889,0.005694124309346445,0.25394036769094896,0.04594668197084125,0.9942222222222222,0.0009296222517045852,0.6316451096036018,0.10561777313830115,0.992,0.0038005847503304307,0.992,0.0038005847503304307,0.992,0.0038005847503304307,0.0,0.0,0.0,0.0,0.0,0.0,0.00799999999999996,0.0038005847503304697,0.00799999999999996,0.0038005847503304697,0.0406450587472865,0.005580289543804535,0.08318957984579925,0.015962188039019626,0.8815657575927538,0.0193147821736776,0.9168104201542008,0.01596218803901965,0.20381271340025928,0.010717364841870637,300.0,0.0,2602.4,58.43201177436906,531.2,81.161567259387,285.6,10.261578825892244
0.3,dependency_truth,0.9791428571428572,0.008980957430690892,0.9687387301587302,0.014487632217736437,0.01164246136166542,0.007694602127253564,1.0,0.0,0.9893839836520177,0.006576272827257773,0.9893333333333334,0.005962847939999479,0.9893333333333334,0.005962847939999479,0.9893333333333334,0.005962847939999479,1.0,0.0,0.5555555555555556,0.11111111111111109,0.709010989010989,0.0923547760609748,0.010666666666666661,0.005962847939999449,0.010666666666666661,0.005962847939999449,0.006319749884029819,0.0038819872543125696,0.00574157317274486,0.0032870979449242566,0.9840839939594217,0.008580084223956093,0.9942584268272551,0.003287097944924265,0.6249710001999802,0.029536036322276252,300.0,0.0,2698.4,66.24047101281818,746.8,33.04844928283322,381.6,16.622274212634085
0.3,iterative_truth,0.939904761904762,0.02764858847110355,0.9299844444444444,0.03202518402274379,0.26995999358078626,0.13630902151987795,0.9986666666666666,0.0009296222517045175,0.750808127035646,0.12850694316414307,0.9893333333333334,0.005962847939999479,0.9893333333333334,0.005962847939999479,0.9893333333333334,0.005962847939999479,0.0,0.0,0.0,0.0,0.0,0.0,0.010666666666666661,0.005962847939999449,0.010666666666666661,0.005962847939999449,0.035574845834465005,0.018704509644064168,0.04971513521064498,0.0220705635028778,0.913502315746328,0.040881535145029,0.950284864789355,0.022070563502877834,0.46946230380006,0.01467936387925257,300.0,0.0,2698.4,66.24047101281818,746.8,33.04844928283322,381.6,16.622274212634085
0.3,majority,0.9099999999999999,0.01545969817214092,0.9003523809523809,0.01989091851714701,0.31181733762282315,0.05189151652029389,0.9026666666666667,0.012462288793608806,0.7115388593244262,0.04322832983631726,0.9893333333333334,0.005962847939999479,0.9893333333333334,0.005962847939999479,0.9893333333333334,0.005962847939999479,0.0,0.0,0.0,0.0,0.0,0.0,0.010666666666666661,0.005962847939999449,0.010666666666666661,0.005962847939999449,0.05424106558012608,0.00825165044429084,0.09081778099999835,0.012818630818311607,0.8656407547906835,0.01065225589807,0.9091822190000016,0.012818630818311612,0.22528158719982225,0.017864907460805424,300.0,0.0,2698.4,66.24047101281818,746.8,33.04844928283322,381.6,16.622274212634085
0.3,no_repair,0.5151428571428571,0.049442928459014,0.5097673015873017,0.050443864668968885,1.082641187666719,0.11396033057492824,0.49177777777777776,0.06655360783646058,0.0,0.0,0.9893333333333334,0.005962847939999479,0.9893333333333334,0.005962847939999479,0.9893333333333334,0.005962847939999479,0.0,0.0,0.0,0.0,0.0,0.0,0.010666666666666661,0.005962847939999449,0.010666666666666661,0.005962847939999449,0.4398971657404818,0.039931430438290845,0.26554060983377814,0.029116619277937864,0.3901458823959712,0.022095765866368067,0.7344593901662219,0.02911661927793783,0.16190295679995184,0.026751193928062397,300.0,0.0,2698.4,66.24047101281818,746.8,33.04844928283322,381.6,16.622274212634085
0.3,outlier_removal,0.9107619047619047,0.015483880873134572,0.9011034920634919,0.019737966485624963,0.31067392624464624,0.05127019905741854,0.9908888888888889,0.004260064336151282,0.71244363681583,0.043851175199840865,0.9893333333333334,0.005962847939999479,0.9893333333333334,0.005962847939999479,0.9893333333333334,0.005962847939999479,0.0,0.0,0.0,0.0,0.0,0.0,0.010666666666666661,0.005962847939999449,0.010666666666666661,0.005962847939999449,0.055583565574350055,0.008746487489187943,0.08258748759801976,0.01159071019488308,0.8640923635956763,0.00725840807021701,0.9174125124019803,0.011590710194883109,0.272540195800218,0.0078025402292226645,300.0,0.0,2698.4,66.24047101281818,746.8,33.04844928283322,381.6,16.622274212634085
0.3,parc,0.9794285714285713,0.009143601160203293,0.9690212698412699,0.01457984746590314,0.010761886239418279,0.010030938484166179,1.0,0.0,0.9904347996429665,0.008100698345970225,0.9893333333333334,0.005962847939999479,0.9893333333333334,0.005962847939999479,0.9893333333333334,0.005962847939999479,1.0,0.0,0.5555555555555556,0.11111111111111109,0.709010989010989,0.0923547760609748,0.010666666666666661,0.005962847939999449,0.010666666666666661,0.005962847939999449,0.00614253481978514,0.004062132879467492,0.00572323182124078,0.0036588216948607384,0.984582494050797,0.00897617093945984,0.9942767681787592,0.003658821694860678,0.6819987341999194,0.01423814419921209,300.0,0.0,2698.4,66.24047101281818,746.8,33.04844928283322,381.6,16.622274212634085
0.3,provenance_unaware,0.8443809523809523,0.03006493350661812,0.8355,0.03422715683935962,0.6310960878196376,0.15105177238117673,0.8606666666666667,0.027007086404301085,0.41320280591053704,0.14930368236688385,0.9893333333333334,0.005962847939999479,0.9893333333333334,0.005962847939999479,0.9893333333333334,0.005962847939999479,0.0,0.0,0.0,0.0,0.0,0.0,0.010666666666666661,0.005962847939999449,0.010666666666666661,0.005962847939999449,0.11326506172800299,0.02377794744419093,0.1432312468137986,0.024633606751313774,0.7449032402329202,0.03555937574216118,0.8567687531862014,0.0246336067513138,0.17848275379983528,0.0023180221350278625,300.0,0.0,2698.4,66.24047101281818,746.8,33.04844928283322,381.6,16.622274212634085
0.3,random_weighting,0.8830476190476191,0.03452397372703154,0.8737047619047619,0.036750853723867466,0.45057696328693375,0.22662504336804457,0.8877777777777778,0.02137264895741262,0.5770489033024401,0.2048905499293,0.9893333333333334,0.005962847939999479,0.9893333333333334,0.005962847939999479,0.9893333333333334,0.005962847939999479,0.0,0.0,0.0,0.0,0.0,0.0,0.010666666666666661,0.005962847939999449,0.010666666666666661,0.005962847939999449,0.08131227436272186,0.027322110530800334,0.1109931258401361,0.04558347979506548,0.8068296794674652,0.06342956005951549,0.8890068741598638,0.04558347979506542,0.18190384319999564,0.0060721556206556615,300.0,0.0,2698.4,66.24047101281818,746.8,33.04844928283322,381.6,16.622274212634085
0.3,rule_only,0.9107619047619047,0.015483880873134572,0.9011034920634919,0.019737966485624963,0.31181733762282315,0.05189151652029389,0.9908888888888889,0.004260064336151282,0.7115388593244262,0.04322832983631726,0.9893333333333334,0.005962847939999479,0.9893333333333334,0.005962847939999479,0.9893333333333334,0.005962847939999479,0.0,0.0,0.0,0.0,0.0,0.0,0.010666666666666661,0.005962847939999449,0.010666666666666661,0.005962847939999449,0.055583565574350055,0.008746487489187943,0.08255213316987764,0.011585045499821861,0.8640971460511458,0.007250999081974206,0.9174478668301222,0.011585045499821903,0.20043353280003653,0.017216622668439572,300.0,0.0,2698.4,66.24047101281818,746.8,33.04844928283322,381.6,16.622274212634085
0.3,source_dependence,0.968190476190476,0.010692570587077524,0.9579101587301586,0.016054416808709563,0.0310645370403201,0.016289878081932573,0.9817777777777777,0.009382147481148741,0.9720864761827995,0.012652677659558038,0.9893333333333334,0.005962847939999479,0.9893333333333334,0.005962847939999479,0.9893333333333334,0.005962847939999479,1.0,0.0,0.5555555555555556,0.11111111111111109,0.709010989010989,0.0923547760609748,0.010666666666666661,0.005962847939999449,0.010666666666666661,0.005962847939999449,0.01235465797009912,0.005517931007881177,0.01806789579001104,0.0058095002812609065,0.968875175134996,0.011319714776356729,0.981932104209989,0.005809500281260907,0.26543175099994865,0.008175286488575942,300.0,0.0,2698.4,66.24047101281818,746.8,33.04844928283322,381.6,16.622274212634085
0.3,standard_fd,0.9107619047619047,0.015483880873134572,0.9011034920634919,0.019737966485624963,0.31181733762282315,0.05189151652029389,0.9908888888888889,0.004260064336151282,0.7115388593244262,0.04322832983631726,0.9893333333333334,0.005962847939999479,0.9893333333333334,0.005962847939999479,0.9893333333333334,0.005962847939999479,0.0,0.0,0.0,0.0,0.0,0.0,0.010666666666666661,0.005962847939999449,0.010666666666666661,0.005962847939999449,0.055583565574350055,0.008746487489187943,0.08255213316987764,0.011585045499821861,0.8640971460511458,0.007250999081974206,0.9174478668301222,0.011585045499821903,0.20056741880005116,0.009460833035203,300.0,0.0,2698.4,66.24047101281818,746.8,33.04844928283322,381.6,16.622274212634085
0.35,dependency_truth,0.9673333333333334,0.012213148559336593,0.9525549206349208,0.017758680417157547,0.04629192127336116,0.015867530629207482,1.0,0.0,0.9659388599511655,0.012931711416074663,0.9846666666666668,0.006912147117775901,0.9846666666666668,0.006912147117775901,0.9846666666666668,0.006912147117775901,1.0,0.0,0.4222222222222222,0.09296222517045286,0.5890109890109889,0.09073423479905196,0.0153333333333333,0.006912147117775879,0.0153333333333333,0.006912147117775879,0.014517880466565419,0.007534539107909193,0.009306862392276901,0.005281824412164361,0.9698668500507595,0.016518585018421076,0.990693137607723,0.005281824412164334,0.7941212876000691,0.18247094235566536,300.0,0.0,2921.0,76.57349410860134,1063.2,43.222679232088346,604.2,26.376125568399928
0.35,iterative_truth,0.886952380952381,0.06303690025414316,0.8734971428571429,0.06464622946566166,0.6085211027077093,0.4145704230887194,0.9955555555555555,0.00437444881889548,0.5459814816963549,0.31363527890567955,0.9846666666666668,0.006912147117775901,0.9846666666666668,0.006912147117775901,0.9846666666666668,0.006912147117775901,0.0,0.0,0.0,0.0,0.0,0.0,0.0153333333333333,0.006912147117775879,0.0153333333333333,0.006912147117775879,0.0756362011035148,0.052246612101283375,0.10198135872751335,0.057178039613193954,0.8555666935516019,0.09098436119945864,0.8980186412724865,0.05717803961319403,0.5081018339999673,0.024317641190108485,300.0,0.0,2921.0,76.57349410860134,1063.2,43.222679232088346,604.2,26.376125568399928
0.35,majority,0.8534285714285714,0.01703803934085431,0.8403619047619048,0.01882039160957109,0.6989551804418419,0.1397186941633483,0.8508888888888888,0.02823403077541639,0.4871468689040242,0.14008266106199174,0.9846666666666668,0.006912147117775901,0.9846666666666668,0.006912147117775901,0.9846666666666668,0.006912147117775901,0.0,0.0,0.0,0.0,0.0,0.0,0.0153333333333333,0.006912147117775879,0.0153333333333333,0.006912147117775879,0.09411601800828366,0.011254309474824824,0.14771003318757364,0.016281757486833037,0.8114291278997685,0.013385713009570602,0.8522899668124262,0.016281757486833002,0.23746795459999243,0.015017809647746053,300.0,0.0,2921.0,76.57349410860134,1063.2,43.222679232088346,604.2,26.376125568399928
0.35,no_repair,0.47285714285714275,0.016312564888533967,0.46553079365079364,0.013395759596136031,1.386052387566071,0.13621160166516819,0.47800000000000004,0.046636233462887415,0.0,0.0,0.9846666666666668,0.006912147117775901,0.9846666666666668,0.006912147117775901,0.9846666666666668,0.006912147117775901,0.0,0.0,0.0,0.0,0.0,0.0,0.0153333333333333,0.006912147117775879,0.0153333333333333,0.006912147117775879,0.4803613414080414,0.012452346693453327,0.26208285570104256,0.030168566639175626,0.421214906411437,0.032233790623424324,0.7379171442989574,0.030168566639175633,0.17177717480000182,0.010594053998841795,300.0,0.0,2921.0,76.57349410860134,1063.2,43.222679232088346,604.2,26.376125568399928
0.35,outlier_removal,0.8565714285714285,0.016240818093175,0.8434463492063493,0.017547856150537826,0.6982822725497735,0.13897478829753435,0.9842222222222222,0.005293835222031842,0.4877092056464882,0.13920559806953803,0.9846666666666668,0.006912147117775901,0.9846666666666668,0.006912147117775901,0.9846666666666668,0.006912147117775901,0.0,0.0,0.0,0.0,0.0,0.0,0.0153333333333333,0.006912147117775879,0.0153333333333333,0.006912147117775879,0.09514876093861566,0.012041976600738382,0.1336713598376217,0.014797031050618215,0.8125480705117678,0.009828458697818176,0.8663286401623782,0.01479703105061823,0.43956460939984937,0.19654770245114964,300.0,0.0,2921.0,76.57349410860134,1063.2,43.222679232088346,604.2,26.376125568399928
0.35,parc,0.9677142857142856,0.011524399827462633,0.9529269841269841,0.017104999166111128,0.05087561583465759,0.018767620009900204,1.0,0.0,0.9625503077197546,0.014942100734214193,0.9846666666666668,0.006912147117775901,0.9846666666666668,0.006912147117775901,0.9846666666666668,0.006912147117775901,1.0,0.0,0.4222222222222222,0.09296222517045286,0.5890109890109889,0.09073423479905196,0.0153333333333333,0.006912147117775879,0.0153333333333333,0.006912147117775879,0.01420107729340126,0.007049282418981271,0.009491245790060861,0.0052440506030714705,0.970482724952706,0.015577559914043634,0.9905087542099391,0.005244050603071369,0.8323837440000261,0.2640604492764591,300.0,0.0,2921.0,76.57349410860134,1063.2,43.222679232088346,604.2,26.376125568399928
0.35,provenance_unaware,0.7877142857142857,0.047264633482460156,0.7757219047619048,0.04843728079250459,1.0429599918382055,0.2709018863187369,0.8133333333333332,0.03871389197818743,0.2343119292286481,0.2334584553658869,0.9846666666666668,0.006912147117775901,0.9846666666666668,0.006912147117775901,0.9846666666666668,0.006912147117775901,0.0,0.0,0.0,0.0,0.0,0.0,0.0153333333333333,0.006912147117775879,0.0153333333333333,0.006912147117775879,0.1561615214229483,0.04499845540555863,0.19213860198589464,0.030201652470050338,0.714492345340765,0.05552051815698144,0.8078613980141054,0.030201652470050355,0.2018145194001249,0.015998727914532943,300.0,0.0,2921.0,76.57349410860134,1063.2,43.222679232088346,604.2,26.376125568399928
0.35,random_weighting,0.8083809523809524,0.02639444385977217,0.795960634920635,0.025605049464413873,0.9541568929667111,0.28094686720761647,0.8346666666666666,0.025035776869448054,0.3084763315846003,0.1958358435966517,0.9846666666666668,0.006912147117775901,0.9846666666666668,0.006912147117775901,0.9846666666666668,0.006912147117775901,0.0,0.0,0.0,0.0,0.0,0.0,0.0153333333333333,0.006912147117775879,0.0153333333333333,0.006912147117775879,0.13865200628821697,0.021257872739245946,0.16542468586229592,0.007634188820059239,0.7419573413952623,0.015983354115102277,0.834575314137704,0.007634188820059229,0.20099865039991296,0.01700321349130644,300.0,0.0,2921.0,76.57349410860134,1063.2,43.222679232088346,604.2,26.376125568399928
0.35,rule_only,0.8565714285714285,0.016240818093175,0.8434463492063493,0.017547856150537826,0.6989551804418419,0.1397186941633483,0.9842222222222222,0.005293835222031842,0.4871468689040242,0.14008266106199174,0.9846666666666668,0.006912147117775901,0.9846666666666668,0.006912147117775901,0.9846666666666668,0.006912147117775901,0.0,0.0,0.0,0.0,0.0,0.0,0.0153333333333333,0.006912147117775879,0.0153333333333333,0.006912147117775879,0.09514876093861566,0.012041976600738382,0.13364247480007113,0.014824121045236213,0.8125532300432148,0.009823762297349674,0.8663575251999289,0.014824121045236205,0.21259582600009702,0.02586271186107264,300.0,0.0,2921.0,76.57349410860134,1063.2,43.222679232088346,604.2,26.376125568399928
0.35,source_dependence,0.9508571428571428,0.01658278209865645,0.9363390476190476,0.02121477100259076,0.07573576818787184,0.029429136302837024,0.9766666666666666,0.007243558228002886,0.9436228088098089,0.025001245475113853,0.9846666666666668,0.006912147117775901,0.9846666666666668,0.006912147117775901,0.9846666666666668,0.006912147117775901,1.0,0.0,0.4222222222222222,0.09296222517045286,0.5890109890109889,0.09073423479905196,0.0153333333333333,0.006912147117775879,0.0153333333333333,0.006912147117775879,0.02298095463469764,0.010622799299564702,0.030384569564705977,0.010758465333814617,0.9524899997040857,0.022079016472351717,0.969615430435294,0.010758465333814613,0.29512250499985837,0.02600115624208487,300.0,0.0,2921.0,76.57349410860134,1063.2,43.222679232088346,604.2,26.376125568399928
0.35,standard_fd,0.8565714285714285,0.016240818093175,0.8434463492063493,0.017547856150537826,0.6989551804418419,0.1397186941633483,0.9842222222222222,0.005293835222031842,0.4871468689040242,0.14008266106199174,0.9846666666666668,0.006912147117775901,0.9846666666666668,0.006912147117775901,0.9846666666666668,0.006912147117775901,0.0,0.0,0.0,0.0,0.0,0.0,0.0153333333333333,0.006912147117775879,0.0153333333333333,0.006912147117775879,0.09514876093861566,0.012041976600738382,0.13364247480007113,0.014824121045236213,0.8125532300432148,0.009823762297349674,0.8663575251999289,0.014824121045236205,0.24151053479992016,0.06870312396898232,300.0,0.0,2921.0,76.57349410860134,1063.2,43.222679232088346,604.2,26.376125568399928
