method,budget,seed,n_entities,n_sources,n_records,n_attacked_records,n_duplicates,operators,trust_alpha,attack_mode,cell_accuracy,integrated_quality,aggregate_distortion,data_quality_score,attack_success_reduction,runtime_sec,n_output_rows,entity_precision,entity_recall,entity_f1,duplicate_output_rate,missing_entity_rate,false_positive_rate,false_negative_rate,repair_precision,repair_recall,group_precision,group_recall,group_f1,operator_label
majority,0.25,9000,300,12,2574,621,285,all,1.0,coordinated,0.929047619047619,0.9197571428571428,0.2608760146001896,0.9333333333333332,0.7639949653817002,0.2127078499997878,300.0,0.99,0.99,0.99,0.01,0.01,0.0383601756954612,0.0963313609467455,0.8793182865039152,0.9036686390532545,0.0,0.0,0.0,all
dependency_truth,0.25,9000,300,12,2574,621,285,all,1.0,coordinated,0.9804761904761904,0.9706714285714286,0.042585025557511,1.0,0.9614748774573072,0.619074768000246,300.0,0.99,0.99,0.99,0.01,0.01,0.0054172767203513,0.0071005917159763,0.9826657296790816,0.9928994082840236,1.0,0.4444444444444444,0.6153846153846153,all
parc,0.25,9000,300,12,2574,621,285,all,1.0,coordinated,0.9804761904761904,0.9706714285714286,0.0426758626983933,1.0,0.9613927004023894,0.6703290539999216,300.0,0.99,0.99,0.99,0.01,0.01,0.0054172767203513,0.0068639053254437,0.9826697892271664,0.9931360946745562,1.0,0.4444444444444444,0.6153846153846153,all
majority,0.25,9001,300,12,2588,626,288,all,1.0,coordinated,0.9423809523809524,0.9392396825396826,0.1772171494356609,0.9333333333333332,0.82052559696559,0.2112888730007398,300.0,0.9966666666666668,0.9966666666666668,0.9966666666666668,0.0033333333333333,0.0033333333333333,0.0349215968487235,0.0715171558495246,0.906925095901474,0.9284828441504754,0.0,0.0,0.0,all
dependency_truth,0.25,9001,300,12,2588,626,288,all,1.0,coordinated,0.9871428571428572,0.9838523809523808,0.0212622589457087,1.0,0.9784669190109644,0.6066618029999518,300.0,0.9966666666666668,0.9966666666666668,0.9966666666666668,0.0033333333333333,0.0033333333333333,0.004999621240815,0.0049607275733774,0.9864754098360656,0.9950392724266226,1.0,0.4444444444444444,0.6153846153846153,all
parc,0.25,9001,300,12,2588,626,288,all,1.0,coordinated,0.9866666666666668,0.9833777777777778,0.0288036981999055,1.0,0.9708294227952912,0.6413069370000812,300.0,0.9966666666666668,0.9966666666666668,0.9966666666666668,0.0033333333333333,0.0033333333333333,0.0051511249147791,0.0053741215378255,0.9860655737704918,0.9946258784621744,1.0,0.4444444444444444,0.6153846153846153,all
majority,0.25,9002,300,12,2588,637,303,all,1.0,coordinated,0.9466666666666668,0.9435111111111112,0.21226361296075,0.9533333333333334,0.779258066518206,0.2164328170001681,300.0,0.9966666666666668,0.9966666666666668,0.9966666666666668,0.0033333333333333,0.0033333333333333,0.0304190911099653,0.0827570823109524,0.9087292817679558,0.9172429176890476,0.0,0.0,0.0,all
dependency_truth,0.25,9002,300,12,2588,637,303,all,1.0,coordinated,0.9890476190476192,0.9857507936507937,0.0116436448060338,1.0,0.9878912799447428,0.6095471689995975,300.0,0.9966666666666668,0.9966666666666668,0.9966666666666668,0.0033333333333333,0.0033333333333333,0.0043455844442807,0.003122908766451,0.986969964664311,0.996877091233549,1.0,0.7777777777777778,0.8750000000000001,all
parc,0.25,9002,300,12,2588,637,303,all,1.0,coordinated,0.9890476190476192,0.9857507936507937,0.0116436448060338,1.0,0.9878912799447428,0.6730283870001585,300.0,0.9966666666666668,0.9966666666666668,0.9966666666666668,0.0033333333333333,0.0033333333333333,0.0043455844442807,0.003122908766451,0.986969964664311,0.996877091233549,1.0,0.7777777777777778,0.8750000000000001,all
majority,0.25,9000,300,12,2574,285,285,duplicate,1.0,coordinated,0.9966666666666668,0.9966666666666668,0.0084530558503003,0.9933333333333332,0.9156354574780268,0.201574874000471,300.0,1.0,1.0,1.0,0.0,0.0,0.0014425489212242,0.0149469623915139,0.988867376573088,0.985053037608486,0.0,0.0,0.0,duplicate
dependency_truth,0.25,9000,300,12,2574,285,285,duplicate,1.0,coordinated,0.9985714285714286,0.9985714285714286,0.0046903540596813,1.0,0.9531885768272744,0.8817946250001114,300.0,1.0,1.0,1.0,0.0,0.0,0.0015052684395383,0.0033751205400192,0.988522238163558,0.9966248794599808,1.0,1.0,1.0,duplicate
parc,0.25,9000,300,12,2574,285,285,duplicate,1.0,coordinated,0.9985714285714286,0.9985714285714286,0.0046903540596813,1.0,0.9531885768272744,0.5795077029997628,300.0,1.0,1.0,1.0,0.0,0.0,0.0015052684395383,0.0033751205400192,0.988522238163558,0.9966248794599808,1.0,1.0,1.0,duplicate
majority,0.25,9001,300,12,2588,288,288,duplicate,1.0,coordinated,0.9895238095238096,0.9895238095238096,0.0385655710101025,0.9855555555555556,0.741344560125461,0.2050185600000986,300.0,1.0,1.0,1.0,0.0,0.0,0.0038884861266723,0.0278627251104315,0.9797945205479452,0.9721372748895684,0.0,0.0,0.0,duplicate
dependency_truth,0.25,9001,300,12,2588,288,288,duplicate,1.0,coordinated,0.9966666666666668,0.9966666666666668,0.0075045392802601,1.0,0.9496678032309448,0.5953737090003415,300.0,1.0,1.0,1.0,0.0,0.0,0.0011204112568378,0.0057764186204553,0.9942235813795448,0.9942235813795448,1.0,1.0,1.0,duplicate
parc,0.25,9001,300,12,2588,288,288,duplicate,1.0,coordinated,0.9966666666666668,0.9966666666666668,0.0075045392802601,1.0,0.9496678032309448,0.8904587500001071,300.0,1.0,1.0,1.0,0.0,0.0,0.0011204112568378,0.0057764186204553,0.9942235813795448,0.9942235813795448,1.0,1.0,1.0,duplicate
majority,0.25,9002,300,12,2588,303,303,duplicate,1.0,coordinated,0.9933333333333332,0.9933333333333332,0.0125404796152269,0.9911111111111112,0.895046615844546,0.2100553720001698,300.0,1.0,1.0,1.0,0.0,0.0,0.0024171490363208,0.0183716075156576,0.9840937630807868,0.9816283924843424,0.0,0.0,0.0,duplicate
dependency_truth,0.25,9002,300,12,2588,303,303,duplicate,1.0,coordinated,0.9976190476190476,0.9976190476190476,0.0015614174181784,1.0,0.9869322348789504,0.6138455680002153,300.0,1.0,1.0,1.0,0.0,0.0,0.000763310221996,0.0025052192066805,0.9950020824656394,0.9974947807933194,1.0,1.0,1.0,duplicate
parc,0.25,9002,300,12,2588,303,303,duplicate,1.0,coordinated,0.9976190476190476,0.9976190476190476,0.0015614174181784,1.0,0.9869322348789504,0.8774243320003734,300.0,1.0,1.0,1.0,0.0,0.0,0.000763310221996,0.0025052192066805,0.9950020824656394,0.9974947807933194,1.0,1.0,1.0,duplicate
majority,0.25,9000,300,12,2289,135,0,fd,1.0,coordinated,0.9961904761904762,0.9961904761904762,0.0126613346669297,0.9911111111111112,0.8736353188941521,0.2112103509998633,300.0,1.0,1.0,1.0,0.0,0.0,0.0006567904838356,0.005603448275862,0.9961139896373056,0.994396551724138,0.0,0.0,0.0,fd
dependency_truth,0.25,9000,300,12,2289,135,0,fd,1.0,coordinated,0.9961904761904762,0.9961904761904762,0.0131434099099817,1.0,0.8688240343053011,1.0567989760002092,300.0,1.0,1.0,1.0,0.0,0.0,0.0011676275268189,0.0064655172413793,0.993106419646704,0.9935344827586208,1.0,1.0,1.0,fd
parc,0.25,9000,300,12,2289,135,0,fd,1.0,coordinated,0.9961904761904762,0.9961904761904762,0.0131434099099817,1.0,0.8688240343053011,1.4582058200003305,300.0,1.0,1.0,1.0,0.0,0.0,0.0011676275268189,0.0064655172413793,0.993106419646704,0.9935344827586208,1.0,1.0,1.0,fd
majority,0.25,9001,300,12,2300,136,0,fd,1.0,coordinated,0.9957142857142856,0.9957142857142856,0.0063463763279586,0.9933333333333332,0.9574354866861042,0.2653287319999435,300.0,1.0,1.0,1.0,0.0,0.0,0.0008284380177737,0.0056697377746279,0.9960951366702164,0.994330262225372,0.0,0.0,0.0,fd
dependency_truth,0.25,9001,300,12,2300,136,0,fd,1.0,coordinated,0.9933333333333332,0.9933333333333332,0.0075045392802601,1.0,0.9496678032309448,0.7147752040000341,300.0,1.0,1.0,1.0,0.0,0.0,0.0023346889591805,0.0074415308291991,0.9890536723163842,0.9925584691708008,1.0,1.0,1.0,fd
parc,0.25,9001,300,12,2300,136,0,fd,1.0,coordinated,0.9933333333333332,0.9933333333333332,0.0075045392802601,1.0,0.9496678032309448,0.6484689230001095,300.0,1.0,1.0,1.0,0.0,0.0,0.0023346889591805,0.0074415308291991,0.9890536723163842,0.9925584691708008,1.0,1.0,1.0,fd
majority,0.25,9002,300,12,2285,151,0,fd,1.0,coordinated,0.9971428571428572,0.9971428571428572,0.0030659413977231,0.9988888888888888,0.9743406205195986,0.2020502980003584,300.0,1.0,1.0,1.0,0.0,0.0,0.0005155018778996,0.0037251655629139,0.9971002485501242,0.996274834437086,0.0,0.0,0.0,fd
dependency_truth,0.25,9002,300,12,2285,151,0,fd,1.0,coordinated,0.9976190476190476,0.9976190476190476,0.0015614174181784,1.0,0.9869322348789504,0.5944825249998757,300.0,1.0,1.0,1.0,0.0,0.0,0.0008837175049709,0.0024834437086092,0.9950454170107348,0.9975165562913908,1.0,1.0,1.0,fd
parc,0.25,9002,300,12,2285,151,0,fd,1.0,coordinated,0.9976190476190476,0.9976190476190476,0.0015614174181784,1.0,0.9869322348789504,0.5832546139999977,300.0,1.0,1.0,1.0,0.0,0.0,0.0008837175049709,0.0024834437086092,0.9950454170107348,0.9975165562913908,1.0,1.0,1.0,fd
majority,0.25,9000,300,12,2289,125,0,key,1.0,coordinated,0.9961904761904762,0.9961904761904762,0.0198473349224387,0.9944444444444444,0.8363048943977461,0.2387267779995454,300.0,1.0,1.0,1.0,0.0,0.0,0.002275960170697,0.0050942435048395,0.9838790931989924,0.9949057564951604,0.0,0.0,0.0,key
dependency_truth,0.25,9000,300,12,2289,125,0,key,1.0,coordinated,0.9957142857142856,0.9957142857142856,0.0161228939247137,1.0,0.8670230117074247,1.0320503969996937,300.0,1.0,1.0,1.0,0.0,0.0,0.002275960170697,0.0066225165562913,0.9838546922300706,0.9933774834437086,1.0,1.0,1.0,key
parc,0.25,9000,300,12,2289,125,0,key,1.0,coordinated,0.9957142857142856,0.9957142857142856,0.0161228939247137,1.0,0.8670230117074247,0.6555540090002978,300.0,1.0,1.0,1.0,0.0,0.0,0.002275960170697,0.0066225165562913,0.9838546922300706,0.9933774834437086,1.0,1.0,1.0,key
majority,0.25,9001,300,12,2300,122,0,key,1.0,coordinated,0.9966666666666668,0.9966666666666668,0.0139742365220352,0.9955555555555556,0.9102839213180728,0.2265789699995366,300.0,1.0,1.0,1.0,0.0,0.0,0.0006633254716981,0.00434439178515,0.9964426877470356,0.99565560821485,0.0,0.0,0.0,key
dependency_truth,0.25,9001,300,12,2300,122,0,key,1.0,coordinated,0.9938095238095238,0.9938095238095238,0.0212362578894653,1.0,0.8636609749150368,0.6259929440002452,300.0,1.0,1.0,1.0,0.0,0.0,0.0026533018867924,0.0078988941548183,0.9858712715855572,0.9921011058451816,1.0,1.0,1.0,key
parc,0.25,9001,300,12,2300,122,0,key,1.0,coordinated,0.9938095238095238,0.9938095238095238,0.0212362578894653,1.0,0.8636609749150368,0.5908968820003793,300.0,1.0,1.0,1.0,0.0,0.0,0.0026533018867924,0.0078988941548183,0.9858712715855572,0.9921011058451816,1.0,1.0,1.0,key
majority,0.25,9002,300,12,2285,137,0,key,1.0,coordinated,0.9957142857142856,0.9957142857142856,0.0103904296742018,0.9933333333333332,0.9142792306065322,0.2162597720007397,300.0,1.0,1.0,1.0,0.0,0.0,0.0014369880729989,0.006259027443428,0.9904030710172744,0.993740972556572,0.0,0.0,0.0,key
dependency_truth,0.25,9002,300,12,2285,137,0,key,1.0,coordinated,0.9933333333333332,0.9933333333333332,0.013163000453776,1.0,0.8914055951674665,0.6127992680003445,300.0,1.0,1.0,1.0,0.0,0.0,0.0028739761459979,0.006259027443428,0.9809885931558936,0.993740972556572,1.0,1.0,1.0,key
parc,0.25,9002,300,12,2285,137,0,key,1.0,coordinated,0.9933333333333332,0.9933333333333332,0.013163000453776,1.0,0.8914055951674665,0.5903329760003544,300.0,1.0,1.0,1.0,0.0,0.0,0.0028739761459979,0.006259027443428,0.9809885931558936,0.993740972556572,1.0,1.0,1.0,key
majority,0.25,9000,300,12,2289,59,0,name,1.0,coordinated,0.9990476190476192,0.9990476190476192,0.0126613346669297,1.0,0.8736353188941521,0.2165753019999101,300.0,1.0,1.0,1.0,0.0,0.0,0.0002851846570654,0.0020030045067601,0.9979969954932398,0.9979969954932398,0.0,0.0,0.0,name
dependency_truth,0.25,9000,300,12,2289,59,0,name,1.0,coordinated,0.998095238095238,0.998095238095238,0.0046903540596813,1.0,0.9531885768272744,0.5933971409995138,300.0,1.0,1.0,1.0,0.0,0.0,0.0009268501354627,0.0045067601402103,0.993503248375812,0.9954932398597895,1.0,1.0,1.0,name
parc,0.25,9000,300,12,2289,59,0,name,1.0,coordinated,0.998095238095238,0.998095238095238,0.0046903540596813,1.0,0.9531885768272744,0.8970209469998736,300.0,1.0,1.0,1.0,0.0,0.0,0.0009268501354627,0.0045067601402103,0.993503248375812,0.9954932398597895,1.0,1.0,1.0,name
majority,0.25,9001,300,12,2300,60,0,name,1.0,coordinated,0.9966666666666668,0.9966666666666668,0.0063463763279586,0.9955555555555556,0.9574354866861042,0.2092131069994138,300.0,1.0,1.0,1.0,0.0,0.0,0.0006645990252547,0.0054730258014073,0.9964747356051704,0.9945269741985928,0.0,0.0,0.0,name
dependency_truth,0.25,9001,300,12,2300,60,0,name,1.0,coordinated,0.9966666666666668,0.9966666666666668,0.0075045392802601,1.0,0.9496678032309448,0.6399966939998194,300.0,1.0,1.0,1.0,0.0,0.0,0.0012553537143701,0.0054730258014073,0.9933619679812572,0.9945269741985928,1.0,1.0,1.0,name
parc,0.25,9001,300,12,2300,60,0,name,1.0,coordinated,0.9966666666666668,0.9966666666666668,0.0075045392802601,1.0,0.9496678032309448,0.5979703650000374,300.0,1.0,1.0,1.0,0.0,0.0,0.0012553537143701,0.0054730258014073,0.9933619679812572,0.9945269741985928,1.0,1.0,1.0,name
majority,0.25,9002,300,12,2285,66,0,name,1.0,coordinated,0.9976190476190476,0.9976190476190476,0.0030659413977231,1.0,0.9743406205195986,0.2113507110007049,300.0,1.0,1.0,1.0,0.0,0.0,0.0004320587599913,0.0037950664136622,0.9971509971509972,0.9962049335863378,0.0,0.0,0.0,name
dependency_truth,0.25,9002,300,12,2285,66,0,name,1.0,coordinated,0.9976190476190476,0.9976190476190476,0.0015614174181784,1.0,0.9869322348789504,0.6389092489998802,300.0,1.0,1.0,1.0,0.0,0.0,0.0008641175199827,0.0028462998102466,0.9943235572374646,0.9971537001897534,1.0,1.0,1.0,name
parc,0.25,9002,300,12,2285,66,0,name,1.0,coordinated,0.9976190476190476,0.9976190476190476,0.0015614174181784,1.0,0.9869322348789504,0.6241943119994176,300.0,1.0,1.0,1.0,0.0,0.0,0.0008641175199827,0.0028462998102466,0.9943235572374646,0.9971537001897534,1.0,1.0,1.0,name
majority,0.25,9000,300,12,2289,160,0,outlier,1.0,coordinated,0.9947619047619048,0.9947619047619048,0.0505654208991907,1.0,0.9394674261789924,0.2150003980004839,300.0,1.0,1.0,1.0,0.0,0.0,0.001169676145917,0.0136518771331058,0.993127147766323,0.9863481228668942,0.0,0.0,0.0,outlier
dependency_truth,0.25,9000,300,12,2289,160,0,outlier,1.0,coordinated,0.988095238095238,0.988095238095238,0.1029914125692357,1.0,0.8767075370200889,0.612262426999223,300.0,1.0,1.0,1.0,0.0,0.0,0.0045324950654287,0.0221843003412969,0.973661852166525,0.9778156996587032,1.0,1.0,1.0,outlier
parc,0.25,9000,300,12,2289,160,0,outlier,1.0,coordinated,0.988095238095238,0.988095238095238,0.1029914125692357,1.0,0.8767075370200889,0.5867020629993931,300.0,1.0,1.0,1.0,0.0,0.0,0.0045324950654287,0.0221843003412969,0.973661852166525,0.9778156996587032,1.0,1.0,1.0,outlier
majority,0.25,9001,300,12,2300,163,0,outlier,1.0,coordinated,0.99,0.99,0.0654785902261293,0.9955555555555556,0.933416110959915,0.2163653720008369,300.0,1.0,1.0,1.0,0.0,0.0,0.0027926635972526,0.0192914766748509,0.986939639957642,0.980708523325149,0.0,0.0,0.0,outlier
dependency_truth,0.25,9001,300,12,2300,163,0,outlier,1.0,coordinated,0.9904761904761904,0.9904761904761904,0.0522777690006117,1.0,0.9468397661223488,0.6168914360005147,300.0,1.0,1.0,1.0,0.0,0.0,0.0039248245150577,0.0150824272185198,0.9818181818181818,0.9849175727814802,1.0,1.0,1.0,outlier
parc,0.25,9001,300,12,2300,163,0,outlier,1.0,coordinated,0.9904761904761904,0.9904761904761904,0.0522777690006117,1.0,0.9468397661223488,0.6146552560003329,300.0,1.0,1.0,1.0,0.0,0.0,0.0039248245150577,0.0150824272185198,0.9818181818181818,0.9849175727814802,1.0,1.0,1.0,outlier
majority,0.25,9002,300,12,2285,174,0,outlier,1.0,coordinated,0.9928571428571428,0.9928571428571428,0.0467416981700442,1.0,0.9507267992230752,0.2200706819994593,300.0,1.0,1.0,1.0,0.0,0.0,0.0019933554817275,0.0155102040816326,0.988929889298893,0.9844897959183674,0.0,0.0,0.0,outlier
dependency_truth,0.25,9002,300,12,2285,174,0,outlier,1.0,coordinated,0.9909523809523808,0.9909523809523808,0.0343005166287001,1.0,0.9638417877662532,0.6021504880000066,300.0,1.0,1.0,1.0,0.0,0.0,0.003469915097822,0.0110204081632653,0.9809716599190283,0.9889795918367348,1.0,1.0,1.0,outlier
parc,0.25,9002,300,12,2285,174,0,outlier,1.0,coordinated,0.9909523809523808,0.9909523809523808,0.0343005166287001,1.0,0.9638417877662532,0.6054225079997195,300.0,1.0,1.0,1.0,0.0,0.0,0.003469915097822,0.0110204081632653,0.9809716599190283,0.9889795918367348,1.0,1.0,1.0,outlier
majority,0.25,9000,300,12,2289,0,0,provenance,1.0,coordinated,0.9990476190476192,0.9990476190476192,0.0126613346669297,1.0,0.8736353188941521,0.214180099999794,300.0,1.0,1.0,1.0,0.0,0.0,0.0002844950213371,0.0020376974019358,0.9979623025980642,0.9979623025980642,0.0,0.0,0.0,provenance
dependency_truth,0.25,9000,300,12,2289,0,0,provenance,1.0,coordinated,1.0,1.0,9.083714088229023e-05,1.0,0.9990934126107464,0.6004505099999733,300.0,1.0,1.0,1.0,0.0,0.0,0.0,0.0005094243504839,1.0,0.999490575649516,1.0,0.4444444444444444,0.6153846153846153,provenance
parc,0.25,9000,300,12,2289,0,0,provenance,1.0,coordinated,1.0,1.0,9.083714088229023e-05,1.0,0.9990934126107464,0.5886758080005166,300.0,1.0,1.0,1.0,0.0,0.0,0.0,0.0005094243504839,1.0,0.999490575649516,1.0,0.4444444444444444,0.6153846153846153,provenance
majority,0.25,9001,300,12,2300,0,0,provenance,1.0,coordinated,0.9966666666666668,0.9966666666666668,0.0063463763279586,0.9955555555555556,0.9574354866861042,0.2398665139999138,300.0,1.0,1.0,1.0,0.0,0.0,0.0006633254716981,0.0055292259083728,0.996438464582509,0.9944707740916272,0.0,0.0,0.0,provenance
dependency_truth,0.25,9001,300,12,2300,0,0,provenance,1.0,coordinated,0.9971428571428572,0.9971428571428572,0.0075045392802601,1.0,0.9496678032309448,0.7141304169999785,300.0,1.0,1.0,1.0,0.0,0.0,0.0010318396226415,0.0039494470774091,0.9944794952681388,0.9960505529225908,1.0,0.4444444444444444,0.6153846153846153,provenance
parc,0.25,9001,300,12,2300,0,0,provenance,1.0,coordinated,0.9971428571428572,0.9971428571428572,0.0075045392802601,1.0,0.9496678032309448,0.8546010220006792,300.0,1.0,1.0,1.0,0.0,0.0,0.0010318396226415,0.0039494470774091,0.9944794952681388,0.9960505529225908,1.0,0.4444444444444444,0.6153846153846153,provenance
majority,0.25,9002,300,12,2285,0,0,provenance,1.0,coordinated,0.9976190476190476,0.9976190476190476,0.0030659413977231,1.0,0.9743406205195986,0.2616254450003907,300.0,1.0,1.0,1.0,0.0,0.0,0.0004310964218996,0.0038517091959557,0.9971084337349396,0.9961482908040444,0.0,0.0,0.0,provenance
dependency_truth,0.25,9002,300,12,2285,0,0,provenance,1.0,coordinated,0.998095238095238,0.998095238095238,0.0014744071767843,1.0,0.9876604382308704,0.6047944300007657,300.0,1.0,1.0,1.0,0.0,0.0,0.0006466446328495,0.0024073182474723,0.995675156174916,0.9975926817525276,1.0,0.6666666666666666,0.8,provenance
parc,0.25,9002,300,12,2285,0,0,provenance,1.0,coordinated,0.998095238095238,0.998095238095238,0.0014744071767843,1.0,0.9876604382308704,0.6164528389999759,300.0,1.0,1.0,1.0,0.0,0.0,0.0006466446328495,0.0024073182474723,0.995675156174916,0.9975926817525276,1.0,0.6666666666666666,0.8,provenance
majority,0.25,9000,300,12,2289,187,0,schema,1.0,coordinated,0.998095238095238,0.998095238095238,0.014672981832647,1.0,0.9775050048533084,0.2185810239998318,300.0,1.0,1.0,1.0,0.0,0.0,0.0005100925453618,0.0030434782608695,0.9969565217391304,0.9969565217391304,0.0,0.0,0.0,schema
dependency_truth,0.25,9000,300,12,2289,187,0,schema,1.0,coordinated,0.9976190476190476,0.9976190476190476,0.0046903540596813,1.0,0.9928092671951628,1.0668900000000576,300.0,1.0,1.0,1.0,0.0,0.0,0.0010201850907236,0.0043478260869565,0.9939236111111112,0.9956521739130436,1.0,1.0,1.0,schema
parc,0.25,9000,300,12,2289,187,0,schema,1.0,coordinated,0.9976190476190476,0.9976190476190476,0.0046903540596813,1.0,0.9928092671951628,0.8117187099996954,300.0,1.0,1.0,1.0,0.0,0.0,0.0010201850907236,0.0043478260869565,0.9939236111111112,0.9956521739130436,1.0,1.0,1.0,schema
majority,0.25,9001,300,12,2300,196,0,schema,1.0,coordinated,0.9961904761904762,0.9961904761904762,0.0117173561695493,0.9944444444444444,0.9817267345379204,0.2461237909992633,300.0,1.0,1.0,1.0,0.0,0.0,0.0006013229104028,0.0050071530758226,0.9971326164874552,0.9949928469241774,0.0,0.0,0.0,schema
dependency_truth,0.25,9001,300,12,2300,196,0,schema,1.0,coordinated,0.9971428571428572,0.9971428571428572,0.0075045392802601,1.0,0.9882966399199188,0.716718769000181,300.0,1.0,1.0,1.0,0.0,0.0,0.0009771497294046,0.0035765379113018,0.9953554841014648,0.996423462088698,1.0,1.0,1.0,schema
parc,0.25,9001,300,12,2300,196,0,schema,1.0,coordinated,0.9966666666666668,0.9966666666666668,0.0075045392802601,1.0,0.9882966399199188,0.7933008689997223,300.0,1.0,1.0,1.0,0.0,0.0,0.0012026458208057,0.0046494992846924,0.9942836727402644,0.9953505007153076,1.0,1.0,1.0,schema
majority,0.25,9002,300,12,2285,184,0,schema,1.0,coordinated,0.9976190476190476,0.9976190476190476,0.0030659413977231,1.0,0.9948569158920604,0.239871998000126,300.0,1.0,1.0,1.0,0.0,0.0,0.000438660622898,0.0034527406128614,0.9974082073434124,0.9965472593871384,0.0,0.0,0.0,schema
dependency_truth,0.25,9002,300,12,2285,184,0,schema,1.0,coordinated,0.998095238095238,0.998095238095238,0.0008884401513542,1.0,0.9985096510890004,0.7120317080007226,300.0,1.0,1.0,1.0,0.0,0.0,0.0005117707267144,0.0021579628830384,0.9969814575247952,0.9978420371169616,1.0,1.0,1.0,schema
parc,0.25,9002,300,12,2285,184,0,schema,1.0,coordinated,0.998095238095238,0.998095238095238,0.0008884401513542,1.0,0.9985096510890004,0.7761384539999199,300.0,1.0,1.0,1.0,0.0,0.0,0.0005117707267144,0.0021579628830384,0.9969814575247952,0.9978420371169616,1.0,1.0,1.0,schema
majority,0.25,9000,300,12,2289,0,0,trust,1.0,coordinated,0.9990476190476192,0.9990476190476192,0.0126613346669297,1.0,0.8736353188941521,0.2151452680000147,300.0,1.0,1.0,1.0,0.0,0.0,0.0002844950213371,0.0020376974019358,0.9979623025980642,0.9979623025980642,0.0,0.0,0.0,trust
dependency_truth,0.25,9000,300,12,2289,0,0,trust,1.0,coordinated,0.9976190476190476,0.9976190476190476,0.0131434099099817,1.0,0.8688240343053011,0.640626140000677,300.0,1.0,1.0,1.0,0.0,0.0,0.0011379800853485,0.0061130922058074,0.9918657854600916,0.9938869077941924,1.0,1.0,1.0,trust
parc,0.25,9000,300,12,2289,0,0,trust,1.0,coordinated,0.9976190476190476,0.9976190476190476,0.0131434099099817,1.0,0.8688240343053011,0.6196997150000243,300.0,1.0,1.0,1.0,0.0,0.0,0.0011379800853485,0.0061130922058074,0.9918657854600916,0.9938869077941924,1.0,1.0,1.0,trust
majority,0.25,9001,300,12,2300,0,0,trust,1.0,coordinated,0.9966666666666668,0.9966666666666668,0.0063463763279586,0.9955555555555556,0.9574354866861042,0.2097493890005353,300.0,1.0,1.0,1.0,0.0,0.0,0.0006633254716981,0.0055292259083728,0.996438464582509,0.9944707740916272,0.0,0.0,0.0,trust
dependency_truth,0.25,9001,300,12,2300,0,0,trust,1.0,coordinated,0.9961904761904762,0.9961904761904762,0.0075045392802601,1.0,0.9496678032309448,0.6255936879997535,300.0,1.0,1.0,1.0,0.0,0.0,0.0014003537735849,0.0059241706161137,0.9925078864353312,0.9940758293838864,1.0,1.0,1.0,trust
parc,0.25,9001,300,12,2300,0,0,trust,1.0,coordinated,0.9961904761904762,0.9961904761904762,0.0075045392802601,1.0,0.9496678032309448,0.5942856480005503,300.0,1.0,1.0,1.0,0.0,0.0,0.0014003537735849,0.0059241706161137,0.9925078864353312,0.9940758293838864,1.0,1.0,1.0,trust
majority,0.25,9002,300,12,2285,0,0,trust,1.0,coordinated,0.9976190476190476,0.9976190476190476,0.0030659413977231,1.0,0.9743406205195986,0.2147562109994396,300.0,1.0,1.0,1.0,0.0,0.0,0.0004310964218996,0.0038517091959557,0.9971084337349396,0.9961482908040444,0.0,0.0,0.0,trust
dependency_truth,0.25,9002,300,12,2285,0,0,trust,1.0,coordinated,0.998095238095238,0.998095238095238,0.0015614174181784,1.0,0.9869322348789504,0.5986704039996766,300.0,1.0,1.0,1.0,0.0,0.0,0.0007184940364994,0.0024073182474723,0.9951969260326607,0.9975926817525276,1.0,1.0,1.0,trust
parc,0.25,9002,300,12,2285,0,0,trust,1.0,coordinated,0.998095238095238,0.998095238095238,0.0015614174181784,1.0,0.9869322348789504,0.6250788119996287,300.0,1.0,1.0,1.0,0.0,0.0,0.0007184940364994,0.0024073182474723,0.9951969260326607,0.9975926817525276,1.0,1.0,1.0,trust
majority,0.25,9000,300,12,2289,0,0,provenance+trust,1.0,coordinated,0.9990476190476192,0.9990476190476192,0.0126613346669297,1.0,0.8736353188941521,0.2036664380002548,300.0,1.0,1.0,1.0,0.0,0.0,0.0002844950213371,0.0020376974019358,0.9979623025980642,0.9979623025980642,0.0,0.0,0.0,trust+provenance
dependency_truth,0.25,9000,300,12,2289,0,0,provenance+trust,1.0,coordinated,1.0,1.0,9.083714088229023e-05,1.0,0.9990934126107464,0.6095834809993903,300.0,1.0,1.0,1.0,0.0,0.0,0.0,0.0005094243504839,1.0,0.999490575649516,1.0,0.4444444444444444,0.6153846153846153,trust+provenance
parc,0.25,9000,300,12,2289,0,0,provenance+trust,1.0,coordinated,1.0,1.0,9.083714088229023e-05,1.0,0.9990934126107464,0.6146931510002105,300.0,1.0,1.0,1.0,0.0,0.0,0.0,0.0005094243504839,1.0,0.999490575649516,1.0,0.4444444444444444,0.6153846153846153,trust+provenance
majority,0.25,9001,300,12,2300,0,0,provenance+trust,1.0,coordinated,0.9966666666666668,0.9966666666666668,0.0063463763279586,0.9955555555555556,0.9574354866861042,0.2273631219995877,300.0,1.0,1.0,1.0,0.0,0.0,0.0006633254716981,0.0055292259083728,0.996438464582509,0.9944707740916272,0.0,0.0,0.0,trust+provenance
dependency_truth,0.25,9001,300,12,2300,0,0,provenance+trust,1.0,coordinated,0.9961904761904762,0.9961904761904762,0.0071014492671525,1.0,0.9523712877617992,0.5997988939998322,300.0,1.0,1.0,1.0,0.0,0.0,0.0014003537735849,0.0047393364928909,0.9925167388735724,0.995260663507109,1.0,0.4444444444444444,0.6153846153846153,trust+provenance
parc,0.25,9001,300,12,2300,0,0,provenance+trust,1.0,coordinated,0.9961904761904762,0.9961904761904762,0.0071014492671525,1.0,0.9523712877617992,0.6202581130000908,300.0,1.0,1.0,1.0,0.0,0.0,0.0014003537735849,0.0047393364928909,0.9925167388735724,0.995260663507109,1.0,0.4444444444444444,0.6153846153846153,trust+provenance
majority,0.25,9002,300,12,2285,0,0,provenance+trust,1.0,coordinated,0.9976190476190476,0.9976190476190476,0.0030659413977231,1.0,0.9743406205195986,0.2023664359994654,300.0,1.0,1.0,1.0,0.0,0.0,0.0004310964218996,0.0038517091959557,0.9971084337349396,0.9961482908040444,0.0,0.0,0.0,trust+provenance
dependency_truth,0.25,9002,300,12,2285,0,0,provenance+trust,1.0,coordinated,0.9985714285714286,0.9985714285714286,0.0014744071767843,1.0,0.9876604382308704,0.6173199149998254,300.0,1.0,1.0,1.0,0.0,0.0,0.0005029458255496,0.0019258545979778,0.9966346153846154,0.998074145402022,1.0,0.7777777777777778,0.8750000000000001,trust+provenance
parc,0.25,9002,300,12,2285,0,0,provenance+trust,1.0,coordinated,0.9985714285714286,0.9985714285714286,0.0014744071767843,1.0,0.9876604382308704,0.5685638949998975,300.0,1.0,1.0,1.0,0.0,0.0,0.0005029458255496,0.0019258545979778,0.9966346153846154,0.998074145402022,1.0,0.7777777777777778,0.8750000000000001,trust+provenance
