operator_label,method,cell_accuracy_mean,cell_accuracy_std,integrated_quality_mean,integrated_quality_std,aggregate_distortion_mean,aggregate_distortion_std,data_quality_score_mean,data_quality_score_std,attack_success_reduction_mean,attack_success_reduction_std,entity_precision_mean,entity_precision_std,entity_recall_mean,entity_recall_std,entity_f1_mean,entity_f1_std,group_precision_mean,group_precision_std,group_recall_mean,group_recall_std,group_f1_mean,group_f1_std,duplicate_output_rate_mean,duplicate_output_rate_std,missing_entity_rate_mean,missing_entity_rate_std,false_positive_rate_mean,false_positive_rate_std,false_negative_rate_mean,false_negative_rate_std,repair_precision_mean,repair_precision_std,repair_recall_mean,repair_recall_std,runtime_sec_mean,runtime_sec_std,n_output_rows_mean,n_output_rows_std,n_records_mean,n_records_std,n_attacked_records_mean,n_attacked_records_std,n_duplicates_mean,n_duplicates_std
all,dependency_truth,0.9855555555555556,0.0045007767869073454,0.9800915343915344,0.008213086383319433,0.0251636431030845,0.015835335786131537,1.0,0.0,0.975944358804338,0.013387645894315797,0.9944444444444445,0.003849001794597586,0.9944444444444445,0.003849001794597586,0.9944444444444445,0.003849001794597586,1.0,0.0,0.5555555555555555,0.19245008972987526,0.701923076923077,0.14988901219346065,0.005555555555555533,0.003849001794597525,0.005555555555555533,0.003849001794597525,0.004920827468482333,0.0005401735161650882,0.0050614093519349,0.001990751874829256,0.9853703680598195,0.002355302039538709,0.994938590648065,0.0019907518748292457,0.6117612466665984,0.006495924103718142,300.0,0.0,2583.3333333333335,8.082903768654727,628.0,8.18535277187245,292.0,9.643650760992955
all,majority,0.9393650793650794,0.009188543262480262,0.9341693121693121,0.012662710757266061,0.21678559233220018,0.04201235119855905,0.94,0.011547005383792589,0.787926209621832,0.02924518089304759,0.9944444444444445,0.003849001794597586,0.9944444444444445,0.003849001794597586,0.9944444444444445,0.003849001794597586,0.0,0.0,0.0,0.0,0.0,0.0,0.005555555555555533,0.003849001794597525,0.005555555555555533,0.003849001794597525,0.03456695455138333,0.003982403102122782,0.08353519970240751,0.012425389074709074,0.8983242213911149,0.016484324140302542,0.9164648002975925,0.012425389074709088,0.21347651333356524,0.002656722126575137,300.0,0.0,2583.3333333333335,8.082903768654727,628.0,8.18535277187245,292.0,9.643650760992955
all,parc,0.9853968253968254,0.004424558687227588,0.9799333333333333,0.008108326642861683,0.02770773523477753,0.015545111384143197,1.0,0.0,0.9733711343808077,0.013430893595683386,0.9944444444444445,0.003849001794597586,0.9944444444444445,0.003849001794597586,0.9944444444444445,0.003849001794597586,1.0,0.0,0.5555555555555555,0.19245008972987526,0.701923076923077,0.14988901219346065,0.005555555555555533,0.003849001794597525,0.005555555555555533,0.003849001794597525,0.0049713286931370336,0.0005580108373812447,0.0051203118765734005,0.001883368875634161,0.9852351092206564,0.0022671856395000307,0.9948796881234264,0.00188336887563418,0.6615547926667205,0.017587022032860843,300.0,0.0,2583.3333333333335,8.082903768654727,628.0,8.18535277187245,292.0,9.643650760992955
duplicate,dependency_truth,0.9976190476190476,0.0009523809523808435,0.9976190476190476,0.0009523809523808435,0.004585436919373267,0.002972949725716225,1.0,0.0,0.9632628716457233,0.020573721796966857,1.0,0.0,1.0,0.0,1.0,0.0,1.0,0.0,1.0,0.0,1.0,0.0,0.0,0.0,0.0,0.0,0.0011296633061240334,0.00037106562688644825,0.003885586122385,0.0016942897433010657,0.9925826340029141,0.0035378845041151223,0.9961144138776149,0.0016942897433009784,0.6970046340002227,0.16029912031583957,300.0,0.0,2583.3333333333335,8.082903768654727,292.0,9.643650760992955,292.0,9.643650760992955
duplicate,majority,0.9931746031746033,0.0035740730949834604,0.9931746031746033,0.0035740730949834604,0.01985303549187657,0.01633389106732294,0.9899999999999999,0.004006168083848757,0.8506755444826779,0.0952413943899429,1.0,0.0,1.0,0.0,1.0,0.0,0.0,0.0,0.0,0.0,0.0,0.0,0.0,0.0,0.0,0.0,0.002582728028072433,0.0012313466226578649,0.020393765005867665,0.006691118915342555,0.98425188673394,0.004538494401286303,0.9796062349941322,0.006691118915342575,0.20554960200024644,0.004265116151427142,300.0,0.0,2583.3333333333335,8.082903768654727,292.0,9.643650760992955,292.0,9.643650760992955
duplicate,parc,0.9976190476190476,0.0009523809523808435,0.9976190476190476,0.0009523809523808435,0.004585436919373267,0.002972949725716225,1.0,0.0,0.9632628716457233,0.020573721796966857,1.0,0.0,1.0,0.0,1.0,0.0,1.0,0.0,1.0,0.0,1.0,0.0,0.0,0.0,0.0,0.0,0.0011296633061240334,0.00037106562688644825,0.003885586122385,0.0016942897433010657,0.9925826340029141,0.0035378845041151223,0.9961144138776149,0.0016942897433009784,0.7824635950000811,0.1758857429878317,300.0,0.0,2583.3333333333335,8.082903768654727,292.0,9.643650760992955,292.0,9.643650760992955
fd,dependency_truth,0.9957142857142857,0.002182178902360017,0.9957142857142857,0.002182178902360017,0.007403122202806734,0.0057916622473816945,1.0,0.0,0.9351413574717321,0.06037921811751833,1.0,0.0,1.0,0.0,1.0,0.0,1.0,0.0,1.0,0.0,1.0,0.0,0.0,0.0,0.0,0.0,0.0014620113303234334,0.0007689771830536502,0.0054634972597292,0.002626535742486557,0.9924018363246075,0.0030573811283354686,0.9945365027402708,0.0026265357424865477,0.788685568333373,0.23985658565755724,300.0,0.0,2291.3333333333335,7.767453465154075,140.66666666666666,8.962886439832506,0.0,0.0
fd,majority,0.9963492063492062,0.0007273929674534155,0.9963492063492062,0.0007273929674534155,0.007357884130870467,0.004877012817719216,0.9944444444444445,0.00400616808384888,0.9351371420332849,0.05392867117368994,1.0,0.0,1.0,0.0,1.0,0.0,0.0,0.0,0.0,0.0,0.0,0.0,0.0,0.0,0.0,0.0,0.0006669101265029667,0.00015671331240712114,0.004999450537801267,0.0011040607874249642,0.9964364582858821,0.0005749365136856327,0.9950005494621986,0.001104060787424936,0.2261964603333884,0.03419762648309438,300.0,0.0,2291.3333333333335,7.767453465154075,140.66666666666666,8.962886439832506,0.0,0.0
fd,parc,0.9957142857142857,0.002182178902360017,0.9957142857142857,0.002182178902360017,0.007403122202806734,0.0057916622473816945,1.0,0.0,0.9351413574717321,0.06037921811751833,1.0,0.0,1.0,0.0,1.0,0.0,1.0,0.0,1.0,0.0,1.0,0.0,0.0,0.0,0.0,0.0,0.0014620113303234334,0.0007689771830536502,0.0054634972597292,0.002626535742486557,0.9924018363246075,0.0030573811283354686,0.9945365027402708,0.0026265357424865477,0.8966431190001458,0.4874194568239531,300.0,0.0,2291.3333333333335,7.767453465154075,140.66666666666666,8.962886439832506,0.0,0.0
key,dependency_truth,0.9942857142857142,0.0012598815766974322,0.9942857142857142,0.0012598815766974322,0.01684071742265167,0.004084216489900122,1.0,0.0,0.8740298605966427,0.01514143113299186,1.0,0.0,1.0,0.0,1.0,0.0,1.0,0.0,1.0,0.0,1.0,0.0,0.0,0.0,0.0,0.0,0.0026010794011624336,0.0003024089411422892,0.0069268127181792,0.0008612420236996626,0.9835715189905071,0.002453625373723369,0.9930731872818207,0.0008612420236996948,0.7569475363334277,0.2383373790064617,300.0,0.0,2291.3333333333335,7.767453465154075,128.0,7.937253933193772,0.0,0.0
key,majority,0.9961904761904762,0.00047619047619062993,0.9961904761904762,0.00047619047619062993,0.014737333706225235,0.004774411189133348,0.9944444444444445,0.0011111111111112154,0.8869560154407837,0.04391062139465739,1.0,0.0,1.0,0.0,1.0,0.0,0.0,0.0,0.0,0.0,0.0,0.0,0.0,0.0,0.0,0.0,0.0014587579051313334,0.0008065377314776562,0.005232554244472501,0.0009647822663745322,0.9902416173211007,0.006283353202225056,0.9947674457555274,0.0009647822663745056,0.22718850666660725,0.011245898845755734,300.0,0.0,2291.3333333333335,7.767453465154075,128.0,7.937253933193772,0.0,0.0
key,parc,0.9942857142857142,0.0012598815766974322,0.9942857142857142,0.0012598815766974322,0.01684071742265167,0.004084216489900122,1.0,0.0,0.8740298605966427,0.01514143113299186,1.0,0.0,1.0,0.0,1.0,0.0,1.0,0.0,1.0,0.0,1.0,0.0,0.0,0.0,0.0,0.0,0.0026010794011624336,0.0003024089411422892,0.0069268127181792,0.0008612420236996626,0.9835715189905071,0.002453625373723369,0.9930731872818207,0.0008612420236996948,0.6122612890003438,0.037493655479827886,300.0,0.0,2291.3333333333335,7.767453465154075,128.0,7.937253933193772,0.0,0.0
name,dependency_truth,0.9974603174603175,0.0007273929674532278,0.9974603174603175,0.0007273929674532278,0.004585436919373267,0.002972949725716225,1.0,0.0,0.9632628716457233,0.020573721796966857,1.0,0.0,1.0,0.0,1.0,0.0,1.0,0.0,1.0,0.0,1.0,0.0,0.0,0.0,0.0,0.0,0.0010154404566051667,0.0002101252571676663,0.004275361917288067,0.0013285635894974943,0.9937295911981779,0.0005192174682546606,0.9957246380827119,0.0013285635894974112,0.6241010279997378,0.026595904606703403,300.0,0.0,2291.3333333333335,7.767453465154075,61.666666666666664,3.7859388972001833,0.0,0.0
name,majority,0.9977777777777779,0.001198386418296949,0.9977777777777779,0.001198386418296949,0.007357884130870467,0.004877012817719216,0.9985185185185186,0.002566001196398297,0.9351371420332849,0.05392867117368994,1.0,0.0,1.0,0.0,1.0,0.0,0.0,0.0,0.0,0.0,0.0,0.0,0.0,0.0,0.0,0.0,0.00046061414743713333,0.00019131224035920356,0.003757032240609867,0.0017353232825805366,0.9972075760831358,0.0007627054958355144,0.9962429677593901,0.0017353232825804464,0.21237970666667627,0.00378742694540423,300.0,0.0,2291.3333333333335,7.767453465154075,61.666666666666664,3.7859388972001833,0.0,0.0
name,parc,0.9974603174603175,0.0007273929674532278,0.9974603174603175,0.0007273929674532278,0.004585436919373267,0.002972949725716225,1.0,0.0,0.9632628716457233,0.020573721796966857,1.0,0.0,1.0,0.0,1.0,0.0,1.0,0.0,1.0,0.0,1.0,0.0,0.0,0.0,0.0,0.0,0.0010154404566051667,0.0002101252571676663,0.004275361917288067,0.0013285635894974943,0.9937295911981779,0.0005192174682546606,0.9957246380827119,0.0013285635894974112,0.7063952079997762,0.16560662162503198,300.0,0.0,2291.3333333333335,7.767453465154075,61.666666666666664,3.7859388972001833,0.0,0.0
outlier,dependency_truth,0.9898412698412699,0.0015307382160305982,0.9898412698412699,0.0015307382160305982,0.06318989939951584,0.035621843560663564,1.0,0.0,0.9291296969695636,0.04618797814714543,1.0,0.0,1.0,0.0,1.0,0.0,1.0,0.0,1.0,0.0,1.0,0.0,0.0,0.0,0.0,0.0,0.003975744892769467,0.0005331169764127715,0.016095711907694,0.0056505027684857325,0.9788172313012451,0.0044847073871621896,0.983904288092306,0.005650502768485734,0.6104347836665814,0.007538507617687521,300.0,0.0,2291.3333333333335,7.767453465154075,165.66666666666666,7.371114795831998,0.0,0.0
outlier,majority,0.9925396825396825,0.0023967728365939032,0.9925396825396825,0.0023967728365939032,0.054261903098454724,0.009900291231446333,0.9985185185185186,0.002566001196398297,0.9412034454539943,0.008784947593950779,1.0,0.0,1.0,0.0,1.0,0.0,0.0,0.0,0.0,0.0,0.0,0.0,0.0,0.0,0.0,0.0,0.0019852317416323667,0.0008115242221665702,0.016151185963196434,0.0028739196365213,0.9896655590076193,0.0031586738769419248,0.9838488140368035,0.0028739196365213716,0.21714548400026001,0.0026236188759611134,300.0,0.0,2291.3333333333335,7.767453465154075,165.66666666666666,7.371114795831998,0.0,0.0
outlier,parc,0.9898412698412699,0.0015307382160305982,0.9898412698412699,0.0015307382160305982,0.06318989939951584,0.035621843560663564,1.0,0.0,0.9291296969695636,0.04618797814714543,1.0,0.0,1.0,0.0,1.0,0.0,1.0,0.0,1.0,0.0,1.0,0.0,0.0,0.0,0.0,0.0,0.003975744892769467,0.0005331169764127715,0.016095711907694,0.0056505027684857325,0.9788172313012451,0.0044847073871621896,0.983904288092306,0.005650502768485734,0.6022599423331485,0.014242423106110761,300.0,0.0,2291.3333333333335,7.767453465154075,165.66666666666666,7.371114795831998,0.0,0.0
provenance,dependency_truth,0.9984126984126984,0.0014547859349066192,0.9984126984126984,0.0014547859349066192,0.003023261199308897,0.003942075143902225,1.0,0.0,0.9788072180241872,0.025874840031625313,1.0,0.0,1.0,0.0,1.0,0.0,1.0,0.0,0.5185185185185185,0.12830005981991682,0.6769230769230768,0.10658774200423869,0.0,0.0,0.0,0.0,0.0005594947518303333,0.0005214111410724549,0.0022887298917884332,0.00172307471951112,0.9967182171476848,0.0029043028885277575,0.9977112701082115,0.001723074719511165,0.6397917856669059,0.0644157705193316,300.0,0.0,2291.3333333333335,7.767453465154075,0.0,0.0,0.0,0.0
provenance,majority,0.9977777777777779,0.001198386418296949,0.9977777777777779,0.001198386418296949,0.007357884130870467,0.004877012817719216,0.9985185185185186,0.002566001196398297,0.9351371420332849,0.05392867117368994,1.0,0.0,1.0,0.0,1.0,0.0,0.0,0.0,0.0,0.0,0.0,0.0,0.0,0.0,0.0,0.0,0.00045963897164493335,0.00019102129564436827,0.003806210835421434,0.0017462088659218368,0.9971697336385043,0.0007637662162242781,0.9961937891645786,0.001746208865921819,0.2385573530000328,0.023749749839716592,300.0,0.0,2291.3333333333335,7.767453465154075,0.0,0.0,0.0,0.0
provenance,parc,0.9984126984126984,0.0014547859349066192,0.9984126984126984,0.0014547859349066192,0.003023261199308897,0.003942075143902225,1.0,0.0,0.9788072180241872,0.025874840031625313,1.0,0.0,1.0,0.0,1.0,0.0,1.0,0.0,0.5185185185185185,0.12830005981991682,0.6769230769230768,0.10658774200423869,0.0,0.0,0.0,0.0,0.0005594947518303333,0.0005214111410724549,0.0022887298917884332,0.00172307471951112,0.9967182171476848,0.0029043028885277575,0.9977112701082115,0.001723074719511165,0.6865765563337239,0.1461747469975085,300.0,0.0,2291.3333333333335,7.767453465154075,0.0,0.0,0.0,0.0
schema,dependency_truth,0.9976190476190476,0.0004761904761904079,0.9976190476190476,0.0004761904761904079,0.0043611111637652,0.0033203151332758716,1.0,0.0,0.9932051860680273,0.005118003819885637,1.0,0.0,1.0,0.0,1.0,0.0,1.0,0.0,1.0,0.0,1.0,0.0,0.0,0.0,0.0,0.0,0.0008363685156142,0.00028193226846167063,0.0033607756270989,0.001110761106373441,0.9954201842457904,0.0015299495919561964,0.9966392243729011,0.001110761106373394,0.8318801590003204,0.20353798456367914,300.0,0.0,2291.3333333333335,7.767453465154075,189.0,6.244997998398398,0.0,0.0
schema,majority,0.9973015873015872,0.000991269523555288,0.9973015873015872,0.000991269523555288,0.009818759799973133,0.006031943969021549,0.9981481481481481,0.0032075014954979896,0.984696218427763,0.009049065150788668,1.0,0.0,1.0,0.0,1.0,0.0,0.0,0.0,0.0,0.0,0.0,0.0,0.0,0.0,0.0,0.0,0.0005166920262208666,8.153171042472029e-05,0.0038344573165178335,0.0010359948967577125,0.997165781856666,0.00022766187112709165,0.9961655426834821,0.00103599489675761,0.23485893766640706,0.014439497357192629,300.0,0.0,2291.3333333333335,7.767453465154075,189.0,6.244997998398398,0.0,0.0
schema,parc,0.9974603174603175,0.0007273929674532036,0.9974603174603175,0.0007273929674532036,0.0043611111637652,0.0033203151332758716,1.0,0.0,0.9932051860680273,0.005118003819885637,1.0,0.0,1.0,0.0,1.0,0.0,1.0,0.0,1.0,0.0,1.0,0.0,0.0,0.0,0.0,0.0,0.0009115338794145666,0.0003580236210058015,0.0037184294182291,0.0013597954019431016,0.9950629137920569,0.001671232669324965,0.9962815705817709,0.0013597954019430372,0.7937193443331125,0.017793819023916226,300.0,0.0,2291.3333333333335,7.767453465154075,189.0,6.244997998398398,0.0,0.0
trust,dependency_truth,0.9973015873015872,0.0009912695235552702,0.9973015873015872,0.0009912695235552702,0.007403122202806734,0.0057916622473816945,1.0,0.0,0.9351413574717321,0.06037921811751833,1.0,0.0,1.0,0.0,1.0,0.0,1.0,0.0,1.0,0.0,1.0,0.0,0.0,0.0,0.0,0.0,0.0010856092984776,0.0003439334234305888,0.004814860356464467,0.0020871313079657773,0.9931901993093613,0.001767282524698414,0.9951851396435355,0.0020871313079657227,0.6216300773333691,0.02125684837840306,300.0,0.0,2291.3333333333335,7.767453465154075,0.0,0.0,0.0,0.0
trust,majority,0.9977777777777779,0.001198386418296949,0.9977777777777779,0.001198386418296949,0.007357884130870467,0.004877012817719216,0.9985185185185186,0.002566001196398297,0.9351371420332849,0.05392867117368994,1.0,0.0,1.0,0.0,1.0,0.0,0.0,0.0,0.0,0.0,0.0,0.0,0.0,0.0,0.0,0.0,0.00045963897164493335,0.00019102129564436827,0.003806210835421434,0.0017462088659218368,0.9971697336385043,0.0007637662162242781,0.9961937891645786,0.001746208865921819,0.21321695599999654,0.0030092951017204254,300.0,0.0,2291.3333333333335,7.767453465154075,0.0,0.0,0.0,0.0
trust,parc,0.9973015873015872,0.0009912695235552702,0.9973015873015872,0.0009912695235552702,0.007403122202806734,0.0057916622473816945,1.0,0.0,0.9351413574717321,0.06037921811751833,1.0,0.0,1.0,0.0,1.0,0.0,1.0,0.0,1.0,0.0,1.0,0.0,0.0,0.0,0.0,0.0,0.0010856092984776,0.0003439334234305888,0.004814860356464467,0.0020871313079657773,0.9931901993093613,0.001767282524698414,0.9951851396435355,0.0020871313079657227,0.6130213916667344,0.016447028277974944,300.0,0.0,2291.3333333333335,7.767453465154075,0.0,0.0,0.0,0.0
trust+provenance,dependency_truth,0.9982539682539683,0.0019245008972987787,0.9982539682539683,0.0019245008972987787,0.0028888978616063636,0.003713187110736277,1.0,0.0,0.979708379534472,0.024354992624375273,1.0,0.0,1.0,0.0,1.0,0.0,1.0,0.0,0.5555555555555555,0.19245008972987526,0.701923076923077,0.14988901219346065,0.0,0.0,0.0,0.0,0.0006344331997115,0.000709376042710325,0.002391538480450867,0.002153064163446351,0.9963837847527293,0.0037479309326606796,0.997608461519549,0.0021530641634464015,0.608900763333016,0.008780439725864253,300.0,0.0,2291.3333333333335,7.767453465154075,0.0,0.0,0.0,0.0
trust+provenance,majority,0.9977777777777779,0.001198386418296949,0.9977777777777779,0.001198386418296949,0.007357884130870467,0.004877012817719216,0.9985185185185186,0.002566001196398297,0.9351371420332849,0.05392867117368994,1.0,0.0,1.0,0.0,1.0,0.0,0.0,0.0,0.0,0.0,0.0,0.0,0.0,0.0,0.0,0.0,0.00045963897164493335,0.00019102129564436827,0.003806210835421434,0.0017462088659218368,0.9971697336385043,0.0007637662162242781,0.9961937891645786,0.001746208865921819,0.21113199866643595,0.014071585724164172,300.0,0.0,2291.3333333333335,7.767453465154075,0.0,0.0,0.0,0.0
trust+provenance,parc,0.9982539682539683,0.0019245008972987787,0.9982539682539683,0.0019245008972987787,0.0028888978616063636,0.003713187110736277,1.0,0.0,0.979708379534472,0.024354992624375273,1.0,0.0,1.0,0.0,1.0,0.0,1.0,0.0,0.5555555555555555,0.19245008972987526,0.701923076923077,0.14988901219346065,0.0,0.0,0.0,0.0,0.0006344331997115,0.000709376042710325,0.002391538480450867,0.002153064163446351,0.9963837847527293,0.0037479309326606796,0.997608461519549,0.0021530641634464015,0.6011717196667329,0.028375955889491013,300.0,0.0,2291.3333333333335,7.767453465154075,0.0,0.0,0.0,0.0
