suite,dataset,budget,seed,method,margin_threshold,width_threshold,n_groups,certified_groups,certified_fraction,conditional_coverage,mean_certified_width,mean_relative_miss
synthetic-control,synthetic,0.2,11,parc,0.0,0.01,12,12,1.0,1.0,0.0,0.0
synthetic-control,synthetic,0.2,11,parc,0.0,0.02,12,12,1.0,1.0,0.0,0.0
synthetic-control,synthetic,0.2,11,parc,0.0,0.05,12,12,1.0,1.0,0.0,0.0
synthetic-control,synthetic,0.2,11,parc,0.0,0.1,12,12,1.0,1.0,0.0,0.0
synthetic-control,synthetic,0.2,11,parc,0.0,0.25,12,12,1.0,1.0,0.0,0.0
synthetic-control,synthetic,0.2,11,parc,0.0,0.5,12,12,1.0,1.0,0.0,0.0
synthetic-control,synthetic,0.2,11,parc,0.0,1.0,12,12,1.0,1.0,0.0,0.0
synthetic-control,synthetic,0.2,11,parc,1.0,0.01,12,0,0.0,0.0,,0.0
synthetic-control,synthetic,0.2,11,parc,1.0,0.02,12,1,0.08333333333333333,1.0,0.01788821366754684,0.0
synthetic-control,synthetic,0.2,11,parc,1.0,0.05,12,1,0.08333333333333333,1.0,0.01788821366754684,0.0
synthetic-control,synthetic,0.2,11,parc,1.0,0.1,12,3,0.25,1.0,0.06124156045706388,0.0
synthetic-control,synthetic,0.2,11,parc,1.0,0.25,12,9,0.75,1.0,0.1311440637966921,0.0
synthetic-control,synthetic,0.2,11,parc,1.0,0.5,12,11,0.9166666666666666,1.0,0.16892377612178341,0.0
synthetic-control,synthetic,0.2,11,parc,1.0,1.0,12,12,1.0,1.0,0.20367007023611142,0.0
synthetic-control,synthetic,0.2,11,parc,1.5,0.01,12,0,0.0,0.0,,0.0
synthetic-control,synthetic,0.2,11,parc,1.5,0.02,12,0,0.0,0.0,,0.0
synthetic-control,synthetic,0.2,11,parc,1.5,0.05,12,1,0.08333333333333333,1.0,0.046740154893810566,0.0
synthetic-control,synthetic,0.2,11,parc,1.5,0.1,12,2,0.16666666666666666,1.0,0.05906429738243375,0.0
synthetic-control,synthetic,0.2,11,parc,1.5,0.25,12,9,0.75,1.0,0.16263735518008063,0.0
synthetic-control,synthetic,0.2,11,parc,1.5,0.5,12,11,0.9166666666666666,1.0,0.1952197154527078,0.0
synthetic-control,synthetic,0.2,11,parc,1.5,1.0,12,12,1.0,1.0,0.22777468128945874,0.0
synthetic-control,synthetic,0.2,11,parc,2.0,0.01,12,0,0.0,0.0,,0.0
synthetic-control,synthetic,0.2,11,parc,2.0,0.02,12,0,0.0,0.0,,0.0
synthetic-control,synthetic,0.2,11,parc,2.0,0.05,12,1,0.08333333333333333,1.0,0.046740154893810566,0.0
synthetic-control,synthetic,0.2,11,parc,2.0,0.1,12,2,0.16666666666666666,1.0,0.05906429738243375,0.0
synthetic-control,synthetic,0.2,11,parc,2.0,0.25,12,9,0.75,1.0,0.16263735518008063,0.0
synthetic-control,synthetic,0.2,11,parc,2.0,0.5,12,11,0.9166666666666666,1.0,0.1952197154527078,0.0
synthetic-control,synthetic,0.2,11,parc,2.0,1.0,12,12,1.0,1.0,0.22777468128945874,0.0
synthetic-control,synthetic,0.2,11,dependency_truth,0.0,0.01,12,12,1.0,1.0,0.0,0.0
synthetic-control,synthetic,0.2,11,dependency_truth,0.0,0.02,12,12,1.0,1.0,0.0,0.0
synthetic-control,synthetic,0.2,11,dependency_truth,0.0,0.05,12,12,1.0,1.0,0.0,0.0
synthetic-control,synthetic,0.2,11,dependency_truth,0.0,0.1,12,12,1.0,1.0,0.0,0.0
synthetic-control,synthetic,0.2,11,dependency_truth,0.0,0.25,12,12,1.0,1.0,0.0,0.0
synthetic-control,synthetic,0.2,11,dependency_truth,0.0,0.5,12,12,1.0,1.0,0.0,0.0
synthetic-control,synthetic,0.2,11,dependency_truth,0.0,1.0,12,12,1.0,1.0,0.0,0.0
synthetic-control,synthetic,0.35,11,parc,0.0,0.01,12,12,1.0,0.9166666666666666,0.0,0.0009942365158988299
synthetic-control,synthetic,0.35,11,parc,0.0,0.02,12,12,1.0,0.9166666666666666,0.0,0.0009942365158988299
synthetic-control,synthetic,0.35,11,parc,0.0,0.05,12,12,1.0,0.9166666666666666,0.0,0.0009942365158988299
synthetic-control,synthetic,0.35,11,parc,0.0,0.1,12,12,1.0,0.9166666666666666,0.0,0.0009942365158988299
synthetic-control,synthetic,0.35,11,parc,0.0,0.25,12,12,1.0,0.9166666666666666,0.0,0.0009942365158988299
synthetic-control,synthetic,0.35,11,parc,0.0,0.5,12,12,1.0,0.9166666666666666,0.0,0.0009942365158988299
synthetic-control,synthetic,0.35,11,parc,0.0,1.0,12,12,1.0,0.9166666666666666,0.0,0.0009942365158988299
synthetic-control,synthetic,0.35,11,parc,1.0,0.01,12,0,0.0,0.0,,0.0
synthetic-control,synthetic,0.35,11,parc,1.0,0.02,12,0,0.0,0.0,,0.0
synthetic-control,synthetic,0.35,11,parc,1.0,0.05,12,0,0.0,0.0,,0.0
synthetic-control,synthetic,0.35,11,parc,1.0,0.1,12,0,0.0,0.0,,0.0
synthetic-control,synthetic,0.35,11,parc,1.0,0.25,12,0,0.0,0.0,,0.0
synthetic-control,synthetic,0.35,11,parc,1.0,0.5,12,0,0.0,0.0,,0.0
synthetic-control,synthetic,0.35,11,parc,1.0,1.0,12,4,0.3333333333333333,1.0,0.6927973270416129,0.0
synthetic-control,synthetic,0.35,11,parc,1.5,0.01,12,0,0.0,0.0,,0.0
synthetic-control,synthetic,0.35,11,parc,1.5,0.02,12,0,0.0,0.0,,0.0
synthetic-control,synthetic,0.35,11,parc,1.5,0.05,12,0,0.0,0.0,,0.0
synthetic-control,synthetic,0.35,11,parc,1.5,0.1,12,0,0.0,0.0,,0.0
synthetic-control,synthetic,0.35,11,parc,1.5,0.25,12,0,0.0,0.0,,0.0
synthetic-control,synthetic,0.35,11,parc,1.5,0.5,12,0,0.0,0.0,,0.0
synthetic-control,synthetic,0.35,11,parc,1.5,1.0,12,3,0.25,1.0,0.7339905142013176,0.0
synthetic-control,synthetic,0.35,11,parc,2.0,0.01,12,0,0.0,0.0,,0.0
synthetic-control,synthetic,0.35,11,parc,2.0,0.02,12,0,0.0,0.0,,0.0
synthetic-control,synthetic,0.35,11,parc,2.0,0.05,12,0,0.0,0.0,,0.0
synthetic-control,synthetic,0.35,11,parc,2.0,0.1,12,0,0.0,0.0,,0.0
synthetic-control,synthetic,0.35,11,parc,2.0,0.25,12,0,0.0,0.0,,0.0
synthetic-control,synthetic,0.35,11,parc,2.0,0.5,12,0,0.0,0.0,,0.0
synthetic-control,synthetic,0.35,11,parc,2.0,1.0,12,3,0.25,1.0,0.7872350969106313,0.0
synthetic-control,synthetic,0.35,11,dependency_truth,0.0,0.01,12,12,1.0,0.9166666666666666,0.0,0.0009942365158988299
synthetic-control,synthetic,0.35,11,dependency_truth,0.0,0.02,12,12,1.0,0.9166666666666666,0.0,0.0009942365158988299
synthetic-control,synthetic,0.35,11,dependency_truth,0.0,0.05,12,12,1.0,0.9166666666666666,0.0,0.0009942365158988299
synthetic-control,synthetic,0.35,11,dependency_truth,0.0,0.1,12,12,1.0,0.9166666666666666,0.0,0.0009942365158988299
synthetic-control,synthetic,0.35,11,dependency_truth,0.0,0.25,12,12,1.0,0.9166666666666666,0.0,0.0009942365158988299
synthetic-control,synthetic,0.35,11,dependency_truth,0.0,0.5,12,12,1.0,0.9166666666666666,0.0,0.0009942365158988299
synthetic-control,synthetic,0.35,11,dependency_truth,0.0,1.0,12,12,1.0,0.9166666666666666,0.0,0.0009942365158988299
public-tabular,iris,0.2,11,parc,0.0,0.01,3,3,1.0,0.3333333333333333,0.0,0.010801412903052737
public-tabular,iris,0.2,11,parc,0.0,0.02,3,3,1.0,0.3333333333333333,0.0,0.010801412903052737
public-tabular,iris,0.2,11,parc,0.0,0.05,3,3,1.0,0.3333333333333333,0.0,0.010801412903052737
public-tabular,iris,0.2,11,parc,0.0,0.1,3,3,1.0,0.3333333333333333,0.0,0.010801412903052737
public-tabular,iris,0.2,11,parc,0.0,0.25,3,3,1.0,0.3333333333333333,0.0,0.010801412903052737
public-tabular,iris,0.2,11,parc,0.0,0.5,3,3,1.0,0.3333333333333333,0.0,0.010801412903052737
public-tabular,iris,0.2,11,parc,0.0,1.0,3,3,1.0,0.3333333333333333,0.0,0.010801412903052737
public-tabular,iris,0.2,11,parc,1.0,0.01,3,0,0.0,0.0,,0.0
public-tabular,iris,0.2,11,parc,1.0,0.02,3,0,0.0,0.0,,0.0
public-tabular,iris,0.2,11,parc,1.0,0.05,3,0,0.0,0.0,,0.0
public-tabular,iris,0.2,11,parc,1.0,0.1,3,0,0.0,0.0,,0.0
public-tabular,iris,0.2,11,parc,1.0,0.25,3,1,0.3333333333333333,1.0,0.23700991230576496,0.0
public-tabular,iris,0.2,11,parc,1.0,0.5,3,3,1.0,1.0,0.28733195004839224,0.0
public-tabular,iris,0.2,11,parc,1.0,1.0,3,3,1.0,1.0,0.28733195004839224,0.0
public-tabular,iris,0.2,11,parc,1.5,0.01,3,0,0.0,0.0,,0.0
public-tabular,iris,0.2,11,parc,1.5,0.02,3,0,0.0,0.0,,0.0
public-tabular,iris,0.2,11,parc,1.5,0.05,3,0,0.0,0.0,,0.0
public-tabular,iris,0.2,11,parc,1.5,0.1,3,0,0.0,0.0,,0.0
public-tabular,iris,0.2,11,parc,1.5,0.25,3,1,0.3333333333333333,1.0,0.23700991230576496,0.0
public-tabular,iris,0.2,11,parc,1.5,0.5,3,3,1.0,1.0,0.28733195004839224,0.0
public-tabular,iris,0.2,11,parc,1.5,1.0,3,3,1.0,1.0,0.28733195004839224,0.0
public-tabular,iris,0.2,11,parc,2.0,0.01,3,0,0.0,0.0,,0.0
public-tabular,iris,0.2,11,parc,2.0,0.02,3,0,0.0,0.0,,0.0
public-tabular,iris,0.2,11,parc,2.0,0.05,3,0,0.0,0.0,,0.0
public-tabular,iris,0.2,11,parc,2.0,0.1,3,0,0.0,0.0,,0.0
public-tabular,iris,0.2,11,parc,2.0,0.25,3,1,0.3333333333333333,1.0,0.23700991230576496,0.0
public-tabular,iris,0.2,11,parc,2.0,0.5,3,3,1.0,1.0,0.28733195004839224,0.0
public-tabular,iris,0.2,11,parc,2.0,1.0,3,3,1.0,1.0,0.28733195004839224,0.0
public-tabular,iris,0.2,11,dependency_truth,0.0,0.01,3,3,1.0,0.3333333333333333,0.0,0.010801412903052737
public-tabular,iris,0.2,11,dependency_truth,0.0,0.02,3,3,1.0,0.3333333333333333,0.0,0.010801412903052737
public-tabular,iris,0.2,11,dependency_truth,0.0,0.05,3,3,1.0,0.3333333333333333,0.0,0.010801412903052737
public-tabular,iris,0.2,11,dependency_truth,0.0,0.1,3,3,1.0,0.3333333333333333,0.0,0.010801412903052737
public-tabular,iris,0.2,11,dependency_truth,0.0,0.25,3,3,1.0,0.3333333333333333,0.0,0.010801412903052737
public-tabular,iris,0.2,11,dependency_truth,0.0,0.5,3,3,1.0,0.3333333333333333,0.0,0.010801412903052737
public-tabular,iris,0.2,11,dependency_truth,0.0,1.0,3,3,1.0,0.3333333333333333,0.0,0.010801412903052737
public-tabular,iris,0.35,11,parc,0.0,0.01,4,4,1.0,0.0,0.0,145937.5059307833
public-tabular,iris,0.35,11,parc,0.0,0.02,4,4,1.0,0.0,0.0,145937.5059307833
public-tabular,iris,0.35,11,parc,0.0,0.05,4,4,1.0,0.0,0.0,145937.5059307833
public-tabular,iris,0.35,11,parc,0.0,0.1,4,4,1.0,0.0,0.0,145937.5059307833
public-tabular,iris,0.35,11,parc,0.0,0.25,4,4,1.0,0.0,0.0,145937.5059307833
public-tabular,iris,0.35,11,parc,0.0,0.5,4,4,1.0,0.0,0.0,145937.5059307833
public-tabular,iris,0.35,11,parc,0.0,1.0,4,4,1.0,0.0,0.0,145937.5059307833
public-tabular,iris,0.35,11,parc,1.0,0.01,4,1,0.25,0.0,0.0,583750.0
public-tabular,iris,0.35,11,parc,1.0,0.02,4,1,0.25,0.0,0.0,583750.0
public-tabular,iris,0.35,11,parc,1.0,0.05,4,1,0.25,0.0,0.0,583750.0
public-tabular,iris,0.35,11,parc,1.0,0.1,4,1,0.25,0.0,0.0,583750.0
public-tabular,iris,0.35,11,parc,1.0,0.25,4,1,0.25,0.0,0.0,583750.0
public-tabular,iris,0.35,11,parc,1.0,0.5,4,1,0.25,0.0,0.0,583750.0
public-tabular,iris,0.35,11,parc,1.0,1.0,4,1,0.25,0.0,0.0,583750.0
public-tabular,iris,0.35,11,parc,1.5,0.01,4,1,0.25,0.0,0.0,583750.0
public-tabular,iris,0.35,11,parc,1.5,0.02,4,1,0.25,0.0,0.0,583750.0
public-tabular,iris,0.35,11,parc,1.5,0.05,4,1,0.25,0.0,0.0,583750.0
public-tabular,iris,0.35,11,parc,1.5,0.1,4,1,0.25,0.0,0.0,583750.0
public-tabular,iris,0.35,11,parc,1.5,0.25,4,1,0.25,0.0,0.0,583750.0
public-tabular,iris,0.35,11,parc,1.5,0.5,4,1,0.25,0.0,0.0,583750.0
public-tabular,iris,0.35,11,parc,1.5,1.0,4,1,0.25,0.0,0.0,583750.0
public-tabular,iris,0.35,11,parc,2.0,0.01,4,1,0.25,0.0,0.0,583750.0
public-tabular,iris,0.35,11,parc,2.0,0.02,4,1,0.25,0.0,0.0,583750.0
public-tabular,iris,0.35,11,parc,2.0,0.05,4,1,0.25,0.0,0.0,583750.0
public-tabular,iris,0.35,11,parc,2.0,0.1,4,1,0.25,0.0,0.0,583750.0
public-tabular,iris,0.35,11,parc,2.0,0.25,4,1,0.25,0.0,0.0,583750.0
public-tabular,iris,0.35,11,parc,2.0,0.5,4,1,0.25,0.0,0.0,583750.0
public-tabular,iris,0.35,11,parc,2.0,1.0,4,1,0.25,0.0,0.0,583750.0
public-tabular,iris,0.35,11,dependency_truth,0.0,0.01,4,4,1.0,0.0,0.0,145937.5059307833
public-tabular,iris,0.35,11,dependency_truth,0.0,0.02,4,4,1.0,0.0,0.0,145937.5059307833
public-tabular,iris,0.35,11,dependency_truth,0.0,0.05,4,4,1.0,0.0,0.0,145937.5059307833
public-tabular,iris,0.35,11,dependency_truth,0.0,0.1,4,4,1.0,0.0,0.0,145937.5059307833
public-tabular,iris,0.35,11,dependency_truth,0.0,0.25,4,4,1.0,0.0,0.0,145937.5059307833
public-tabular,iris,0.35,11,dependency_truth,0.0,0.5,4,4,1.0,0.0,0.0,145937.5059307833
public-tabular,iris,0.35,11,dependency_truth,0.0,1.0,4,4,1.0,0.0,0.0,145937.5059307833
public-tabular,wine,0.2,11,parc,0.0,0.01,3,3,1.0,0.0,0.0,0.006666316981609598
public-tabular,wine,0.2,11,parc,0.0,0.02,3,3,1.0,0.0,0.0,0.006666316981609598
public-tabular,wine,0.2,11,parc,0.0,0.05,3,3,1.0,0.0,0.0,0.006666316981609598
public-tabular,wine,0.2,11,parc,0.0,0.1,3,3,1.0,0.0,0.0,0.006666316981609598
public-tabular,wine,0.2,11,parc,0.0,0.25,3,3,1.0,0.0,0.0,0.006666316981609598
public-tabular,wine,0.2,11,parc,0.0,0.5,3,3,1.0,0.0,0.0,0.006666316981609598
public-tabular,wine,0.2,11,parc,0.0,1.0,3,3,1.0,0.0,0.0,0.006666316981609598
public-tabular,wine,0.2,11,parc,1.0,0.01,3,0,0.0,0.0,,0.0
public-tabular,wine,0.2,11,parc,1.0,0.02,3,0,0.0,0.0,,0.0
public-tabular,wine,0.2,11,parc,1.0,0.05,3,0,0.0,0.0,,0.0
public-tabular,wine,0.2,11,parc,1.0,0.1,3,2,0.6666666666666666,1.0,0.09538865197846477,0.0
public-tabular,wine,0.2,11,parc,1.0,0.25,3,2,0.6666666666666666,1.0,0.09538865197846477,0.0
public-tabular,wine,0.2,11,parc,1.0,0.5,3,3,1.0,1.0,0.1665500428977675,0.0
public-tabular,wine,0.2,11,parc,1.0,1.0,3,3,1.0,1.0,0.1665500428977675,0.0
public-tabular,wine,0.2,11,parc,1.5,0.01,3,0,0.0,0.0,,0.0
public-tabular,wine,0.2,11,parc,1.5,0.02,3,0,0.0,0.0,,0.0
public-tabular,wine,0.2,11,parc,1.5,0.05,3,0,0.0,0.0,,0.0
public-tabular,wine,0.2,11,parc,1.5,0.1,3,1,0.3333333333333333,1.0,0.09544164152092381,0.0
public-tabular,wine,0.2,11,parc,1.5,0.25,3,2,0.6666666666666666,1.0,0.10952956934847247,0.0
public-tabular,wine,0.2,11,parc,1.5,0.5,3,3,1.0,1.0,0.18988747158815733,0.0
public-tabular,wine,0.2,11,parc,1.5,1.0,3,3,1.0,1.0,0.18988747158815733,0.0
public-tabular,wine,0.2,11,parc,2.0,0.01,3,0,0.0,0.0,,0.0
public-tabular,wine,0.2,11,parc,2.0,0.02,3,0,0.0,0.0,,0.0
public-tabular,wine,0.2,11,parc,2.0,0.05,3,0,0.0,0.0,,0.0
public-tabular,wine,0.2,11,parc,2.0,0.1,3,1,0.3333333333333333,1.0,0.09544164152092381,0.0
public-tabular,wine,0.2,11,parc,2.0,0.25,3,2,0.6666666666666666,1.0,0.10952956934847247,0.0
public-tabular,wine,0.2,11,parc,2.0,0.5,3,3,1.0,1.0,0.18988747158815733,0.0
public-tabular,wine,0.2,11,parc,2.0,1.0,3,3,1.0,1.0,0.18988747158815733,0.0
public-tabular,wine,0.2,11,dependency_truth,0.0,0.01,3,3,1.0,0.0,0.0,0.006666316981609598
public-tabular,wine,0.2,11,dependency_truth,0.0,0.02,3,3,1.0,0.0,0.0,0.006666316981609598
public-tabular,wine,0.2,11,dependency_truth,0.0,0.05,3,3,1.0,0.0,0.0,0.006666316981609598
public-tabular,wine,0.2,11,dependency_truth,0.0,0.1,3,3,1.0,0.0,0.0,0.006666316981609598
public-tabular,wine,0.2,11,dependency_truth,0.0,0.25,3,3,1.0,0.0,0.0,0.006666316981609598
public-tabular,wine,0.2,11,dependency_truth,0.0,0.5,3,3,1.0,0.0,0.0,0.006666316981609598
public-tabular,wine,0.2,11,dependency_truth,0.0,1.0,3,3,1.0,0.0,0.0,0.006666316981609598
public-tabular,wine,0.35,11,parc,0.0,0.01,5,5,1.0,0.0,0.0,207086.40928996523
public-tabular,wine,0.35,11,parc,0.0,0.02,5,5,1.0,0.0,0.0,207086.40928996523
public-tabular,wine,0.35,11,parc,0.0,0.05,5,5,1.0,0.0,0.0,207086.40928996523
public-tabular,wine,0.35,11,parc,0.0,0.1,5,5,1.0,0.0,0.0,207086.40928996523
public-tabular,wine,0.35,11,parc,0.0,0.25,5,5,1.0,0.0,0.0,207086.40928996523
public-tabular,wine,0.35,11,parc,0.0,0.5,5,5,1.0,0.0,0.0,207086.40928996523
public-tabular,wine,0.35,11,parc,0.0,1.0,5,5,1.0,0.0,0.0,207086.40928996523
public-tabular,wine,0.35,11,parc,1.0,0.01,5,1,0.2,0.0,0.0,445548.0
public-tabular,wine,0.35,11,parc,1.0,0.02,5,1,0.2,0.0,0.0,445548.0
public-tabular,wine,0.35,11,parc,1.0,0.05,5,1,0.2,0.0,0.0,445548.0
public-tabular,wine,0.35,11,parc,1.0,0.1,5,1,0.2,0.0,0.0,445548.0
public-tabular,wine,0.35,11,parc,1.0,0.25,5,1,0.2,0.0,0.0,445548.0
public-tabular,wine,0.35,11,parc,1.0,0.5,5,1,0.2,0.0,0.0,445548.0
public-tabular,wine,0.35,11,parc,1.0,1.0,5,2,0.4,0.5,0.45992824552256056,445548.0
public-tabular,wine,0.35,11,parc,1.5,0.01,5,0,0.0,0.0,,0.0
public-tabular,wine,0.35,11,parc,1.5,0.02,5,0,0.0,0.0,,0.0
public-tabular,wine,0.35,11,parc,1.5,0.05,5,0,0.0,0.0,,0.0
public-tabular,wine,0.35,11,parc,1.5,0.1,5,0,0.0,0.0,,0.0
public-tabular,wine,0.35,11,parc,1.5,0.25,5,0,0.0,0.0,,0.0
public-tabular,wine,0.35,11,parc,1.5,0.5,5,0,0.0,0.0,,0.0
public-tabular,wine,0.35,11,parc,1.5,1.0,5,1,0.2,1.0,0.9198564910451211,0.0
public-tabular,wine,0.35,11,parc,2.0,0.01,5,0,0.0,0.0,,0.0
public-tabular,wine,0.35,11,parc,2.0,0.02,5,0,0.0,0.0,,0.0
public-tabular,wine,0.35,11,parc,2.0,0.05,5,0,0.0,0.0,,0.0
public-tabular,wine,0.35,11,parc,2.0,0.1,5,0,0.0,0.0,,0.0
public-tabular,wine,0.35,11,parc,2.0,0.25,5,0,0.0,0.0,,0.0
public-tabular,wine,0.35,11,parc,2.0,0.5,5,0,0.0,0.0,,0.0
public-tabular,wine,0.35,11,parc,2.0,1.0,5,1,0.2,1.0,0.9198564910451211,0.0
public-tabular,wine,0.35,11,dependency_truth,0.0,0.01,5,5,1.0,0.0,0.0,207086.40928996523
public-tabular,wine,0.35,11,dependency_truth,0.0,0.02,5,5,1.0,0.0,0.0,207086.40928996523
public-tabular,wine,0.35,11,dependency_truth,0.0,0.05,5,5,1.0,0.0,0.0,207086.40928996523
public-tabular,wine,0.35,11,dependency_truth,0.0,0.1,5,5,1.0,0.0,0.0,207086.40928996523
public-tabular,wine,0.35,11,dependency_truth,0.0,0.25,5,5,1.0,0.0,0.0,207086.40928996523
public-tabular,wine,0.35,11,dependency_truth,0.0,0.5,5,5,1.0,0.0,0.0,207086.40928996523
public-tabular,wine,0.35,11,dependency_truth,0.0,1.0,5,5,1.0,0.0,0.0,207086.40928996523
public-tabular,breast_cancer,0.2,11,parc,0.0,0.01,2,2,1.0,0.5,0.0,0.0007453783509600533
public-tabular,breast_cancer,0.2,11,parc,0.0,0.02,2,2,1.0,0.5,0.0,0.0007453783509600533
public-tabular,breast_cancer,0.2,11,parc,0.0,0.05,2,2,1.0,0.5,0.0,0.0007453783509600533
public-tabular,breast_cancer,0.2,11,parc,0.0,0.1,2,2,1.0,0.5,0.0,0.0007453783509600533
public-tabular,breast_cancer,0.2,11,parc,0.0,0.25,2,2,1.0,0.5,0.0,0.0007453783509600533
public-tabular,breast_cancer,0.2,11,parc,0.0,0.5,2,2,1.0,0.5,0.0,0.0007453783509600533
public-tabular,breast_cancer,0.2,11,parc,0.0,1.0,2,2,1.0,0.5,0.0,0.0007453783509600533
public-tabular,breast_cancer,0.2,11,parc,1.0,0.01,2,0,0.0,0.0,,0.0
public-tabular,breast_cancer,0.2,11,parc,1.0,0.02,2,0,0.0,0.0,,0.0
public-tabular,breast_cancer,0.2,11,parc,1.0,0.05,2,0,0.0,0.0,,0.0
public-tabular,breast_cancer,0.2,11,parc,1.0,0.1,2,0,0.0,0.0,,0.0
public-tabular,breast_cancer,0.2,11,parc,1.0,0.25,2,1,0.5,1.0,0.17889626271283626,0.0
public-tabular,breast_cancer,0.2,11,parc,1.0,0.5,2,2,1.0,1.0,0.25864914838163594,0.0
public-tabular,breast_cancer,0.2,11,parc,1.0,1.0,2,2,1.0,1.0,0.25864914838163594,0.0
public-tabular,breast_cancer,0.2,11,parc,1.5,0.01,2,0,0.0,0.0,,0.0
public-tabular,breast_cancer,0.2,11,parc,1.5,0.02,2,0,0.0,0.0,,0.0
public-tabular,breast_cancer,0.2,11,parc,1.5,0.05,2,0,0.0,0.0,,0.0
public-tabular,breast_cancer,0.2,11,parc,1.5,0.1,2,0,0.0,0.0,,0.0
public-tabular,breast_cancer,0.2,11,parc,1.5,0.25,2,1,0.5,1.0,0.21822535754674607,0.0
public-tabular,breast_cancer,0.2,11,parc,1.5,0.5,2,2,1.0,1.0,0.28031432437175885,0.0
public-tabular,breast_cancer,0.2,11,parc,1.5,1.0,2,2,1.0,1.0,0.28031432437175885,0.0
public-tabular,breast_cancer,0.2,11,parc,2.0,0.01,2,0,0.0,0.0,,0.0
public-tabular,breast_cancer,0.2,11,parc,2.0,0.02,2,0,0.0,0.0,,0.0
public-tabular,breast_cancer,0.2,11,parc,2.0,0.05,2,0,0.0,0.0,,0.0
public-tabular,breast_cancer,0.2,11,parc,2.0,0.1,2,0,0.0,0.0,,0.0
public-tabular,breast_cancer,0.2,11,parc,2.0,0.25,2,1,0.5,1.0,0.21822535754674607,0.0
public-tabular,breast_cancer,0.2,11,parc,2.0,0.5,2,2,1.0,1.0,0.28031432437175885,0.0
public-tabular,breast_cancer,0.2,11,parc,2.0,1.0,2,2,1.0,1.0,0.28031432437175885,0.0
public-tabular,breast_cancer,0.2,11,dependency_truth,0.0,0.01,3,3,1.0,0.0,0.0,192436.00207635495
public-tabular,breast_cancer,0.2,11,dependency_truth,0.0,0.02,3,3,1.0,0.0,0.0,192436.00207635495
public-tabular,breast_cancer,0.2,11,dependency_truth,0.0,0.05,3,3,1.0,0.0,0.0,192436.00207635495
public-tabular,breast_cancer,0.2,11,dependency_truth,0.0,0.1,3,3,1.0,0.0,0.0,192436.00207635495
public-tabular,breast_cancer,0.2,11,dependency_truth,0.0,0.25,3,3,1.0,0.0,0.0,192436.00207635495
public-tabular,breast_cancer,0.2,11,dependency_truth,0.0,0.5,3,3,1.0,0.0,0.0,192436.00207635495
public-tabular,breast_cancer,0.2,11,dependency_truth,0.0,1.0,3,3,1.0,0.0,0.0,192436.00207635495
public-tabular,breast_cancer,0.35,11,parc,0.0,0.01,6,6,1.0,0.0,0.0,267142.16805547895
public-tabular,breast_cancer,0.35,11,parc,0.0,0.02,6,6,1.0,0.0,0.0,267142.16805547895
public-tabular,breast_cancer,0.35,11,parc,0.0,0.05,6,6,1.0,0.0,0.0,267142.16805547895
public-tabular,breast_cancer,0.35,11,parc,0.0,0.1,6,6,1.0,0.0,0.0,267142.16805547895
public-tabular,breast_cancer,0.35,11,parc,0.0,0.25,6,6,1.0,0.0,0.0,267142.16805547895
public-tabular,breast_cancer,0.35,11,parc,0.0,0.5,6,6,1.0,0.0,0.0,267142.16805547895
public-tabular,breast_cancer,0.35,11,parc,0.0,1.0,6,6,1.0,0.0,0.0,267142.16805547895
public-tabular,breast_cancer,0.35,11,parc,1.0,0.01,6,3,0.5,0.0,0.0,414030.6666666667
public-tabular,breast_cancer,0.35,11,parc,1.0,0.02,6,3,0.5,0.0,0.0,414030.6666666667
public-tabular,breast_cancer,0.35,11,parc,1.0,0.05,6,3,0.5,0.0,0.0,414030.6666666667
public-tabular,breast_cancer,0.35,11,parc,1.0,0.1,6,3,0.5,0.0,0.0,414030.6666666667
public-tabular,breast_cancer,0.35,11,parc,1.0,0.25,6,3,0.5,0.0,0.0,414030.6666666667
public-tabular,breast_cancer,0.35,11,parc,1.0,0.5,6,3,0.5,0.0,0.0,414030.6666666667
public-tabular,breast_cancer,0.35,11,parc,1.0,1.0,6,4,0.6666666666666666,0.25,0.1678357998799609,414030.6666666667
public-tabular,breast_cancer,0.35,11,parc,1.5,0.01,6,1,0.16666666666666666,0.0,0.0,330028.0
public-tabular,breast_cancer,0.35,11,parc,1.5,0.02,6,1,0.16666666666666666,0.0,0.0,330028.0
public-tabular,breast_cancer,0.35,11,parc,1.5,0.05,6,1,0.16666666666666666,0.0,0.0,330028.0
public-tabular,breast_cancer,0.35,11,parc,1.5,0.1,6,1,0.16666666666666666,0.0,0.0,330028.0
public-tabular,breast_cancer,0.35,11,parc,1.5,0.25,6,1,0.16666666666666666,0.0,0.0,330028.0
public-tabular,breast_cancer,0.35,11,parc,1.5,0.5,6,1,0.16666666666666666,0.0,0.0,330028.0
public-tabular,breast_cancer,0.35,11,parc,1.5,1.0,6,1,0.16666666666666666,0.0,0.0,330028.0
public-tabular,breast_cancer,0.35,11,parc,2.0,0.01,6,0,0.0,0.0,,0.0
public-tabular,breast_cancer,0.35,11,parc,2.0,0.02,6,0,0.0,0.0,,0.0
public-tabular,breast_cancer,0.35,11,parc,2.0,0.05,6,0,0.0,0.0,,0.0
public-tabular,breast_cancer,0.35,11,parc,2.0,0.1,6,0,0.0,0.0,,0.0
public-tabular,breast_cancer,0.35,11,parc,2.0,0.25,6,0,0.0,0.0,,0.0
public-tabular,breast_cancer,0.35,11,parc,2.0,0.5,6,0,0.0,0.0,,0.0
public-tabular,breast_cancer,0.35,11,parc,2.0,1.0,6,0,0.0,0.0,,0.0
public-tabular,breast_cancer,0.35,11,dependency_truth,0.0,0.01,6,6,1.0,0.0,0.0,267142.16805547895
public-tabular,breast_cancer,0.35,11,dependency_truth,0.0,0.02,6,6,1.0,0.0,0.0,267142.16805547895
public-tabular,breast_cancer,0.35,11,dependency_truth,0.0,0.05,6,6,1.0,0.0,0.0,267142.16805547895
public-tabular,breast_cancer,0.35,11,dependency_truth,0.0,0.1,6,6,1.0,0.0,0.0,267142.16805547895
public-tabular,breast_cancer,0.35,11,dependency_truth,0.0,0.25,6,6,1.0,0.0,0.0,267142.16805547895
public-tabular,breast_cancer,0.35,11,dependency_truth,0.0,0.5,6,6,1.0,0.0,0.0,267142.16805547895
public-tabular,breast_cancer,0.35,11,dependency_truth,0.0,1.0,6,6,1.0,0.0,0.0,267142.16805547895
