dataset,budget,method,query,seed_mean,seed_std,query_l1_distortion_mean,query_l1_distortion_std,runtime_sec_mean,runtime_sec_std,n_entities_mean,n_entities_std
breast_cancer,0.2,dependency_truth,category_join_filter,21.0,,0.0,,1.2311684660003266,,300.0,
breast_cancer,0.2,dependency_truth,geo_join_groupby,21.0,,0.0,,1.2311684660003266,,300.0,
breast_cancer,0.2,dependency_truth,having_top_groups,21.0,,0.0,,1.2311684660003266,,300.0,
breast_cancer,0.2,dependency_truth,selection_groupby,21.0,,0.0,,1.2311684660003266,,300.0,
breast_cancer,0.2,iterative_truth,category_join_filter,21.0,,0.0,,0.8949006650000229,,300.0,
breast_cancer,0.2,iterative_truth,geo_join_groupby,21.0,,0.0,,0.8949006650000229,,300.0,
breast_cancer,0.2,iterative_truth,having_top_groups,21.0,,0.0,,0.8949006650000229,,300.0,
breast_cancer,0.2,iterative_truth,selection_groupby,21.0,,0.0,,0.8949006650000229,,300.0,
breast_cancer,0.2,majority,category_join_filter,21.0,,0.0197064475557064,,0.4063169619998916,,300.0,
breast_cancer,0.2,majority,geo_join_groupby,21.0,,0.0129221705298964,,0.4063169619998916,,300.0,
breast_cancer,0.2,majority,having_top_groups,21.0,,0.0418106880948186,,0.4063169619998916,,300.0,
breast_cancer,0.2,majority,selection_groupby,21.0,,0.0418106880948186,,0.4063169619998916,,300.0,
breast_cancer,0.2,no_repair,category_join_filter,21.0,,0.8310247983563886,,0.2455175850000159,,300.0,
breast_cancer,0.2,no_repair,geo_join_groupby,21.0,,0.5593889568801382,,0.2455175850000159,,300.0,
breast_cancer,0.2,no_repair,having_top_groups,21.0,,1.1802870166554376,,0.2455175850000159,,300.0,
breast_cancer,0.2,no_repair,selection_groupby,21.0,,1.234864110125623,,0.2455175850000159,,300.0,
breast_cancer,0.2,parc,category_join_filter,21.0,,0.0,,1.4594277740002326,,300.0,
breast_cancer,0.2,parc,geo_join_groupby,21.0,,0.0,,1.4594277740002326,,300.0,
breast_cancer,0.2,parc,having_top_groups,21.0,,0.0,,1.4594277740002326,,300.0,
breast_cancer,0.2,parc,selection_groupby,21.0,,0.0,,1.4594277740002326,,300.0,
diabetes,0.2,dependency_truth,category_join_filter,21.0,,0.0,,1.243799831999695,,300.0,
diabetes,0.2,dependency_truth,geo_join_groupby,21.0,,0.0,,1.243799831999695,,300.0,
diabetes,0.2,dependency_truth,having_top_groups,21.0,,0.0,,1.243799831999695,,300.0,
diabetes,0.2,dependency_truth,selection_groupby,21.0,,0.0,,1.243799831999695,,300.0,
diabetes,0.2,iterative_truth,category_join_filter,21.0,,0.0,,1.1023784639996848,,300.0,
diabetes,0.2,iterative_truth,geo_join_groupby,21.0,,0.0,,1.1023784639996848,,300.0,
diabetes,0.2,iterative_truth,having_top_groups,21.0,,0.0,,1.1023784639996848,,300.0,
diabetes,0.2,iterative_truth,selection_groupby,21.0,,0.0,,1.1023784639996848,,300.0,
diabetes,0.2,majority,category_join_filter,21.0,,0.0155206525317336,,0.3578806410000652,,300.0,
diabetes,0.2,majority,geo_join_groupby,21.0,,0.0143057977238707,,0.3578806410000652,,300.0,
diabetes,0.2,majority,having_top_groups,21.0,,0.0310413050634673,,0.3578806410000652,,300.0,
diabetes,0.2,majority,selection_groupby,21.0,,0.0310413050634673,,0.3578806410000652,,300.0,
diabetes,0.2,no_repair,category_join_filter,21.0,,0.8227246392874084,,0.3031813239999792,,300.0,
diabetes,0.2,no_repair,geo_join_groupby,21.0,,0.57770606517005,,0.3031813239999792,,300.0,
diabetes,0.2,no_repair,having_top_groups,21.0,,1.0802880423058423,,0.3031813239999792,,300.0,
diabetes,0.2,no_repair,selection_groupby,21.0,,1.1639922510537208,,0.3031813239999792,,300.0,
diabetes,0.2,parc,category_join_filter,21.0,,0.0,,1.4131588250002096,,300.0,
diabetes,0.2,parc,geo_join_groupby,21.0,,0.0,,1.4131588250002096,,300.0,
diabetes,0.2,parc,having_top_groups,21.0,,0.0,,1.4131588250002096,,300.0,
diabetes,0.2,parc,selection_groupby,21.0,,0.0,,1.4131588250002096,,300.0,
digits,0.2,dependency_truth,category_join_filter,21.0,,0.0,,1.1756075569996938,,300.0,
digits,0.2,dependency_truth,geo_join_groupby,21.0,,0.0,,1.1756075569996938,,300.0,
digits,0.2,dependency_truth,having_top_groups,21.0,,0.0,,1.1756075569996938,,300.0,
digits,0.2,dependency_truth,selection_groupby,21.0,,0.0,,1.1756075569996938,,300.0,
digits,0.2,iterative_truth,category_join_filter,21.0,,0.0,,0.8020278520002648,,300.0,
digits,0.2,iterative_truth,geo_join_groupby,21.0,,0.0,,0.8020278520002648,,300.0,
digits,0.2,iterative_truth,having_top_groups,21.0,,0.0,,0.8020278520002648,,300.0,
digits,0.2,iterative_truth,selection_groupby,21.0,,0.0,,0.8020278520002648,,300.0,
digits,0.2,majority,category_join_filter,21.0,,0.0199999933399933,,0.4475017709996791,,300.0,
digits,0.2,majority,geo_join_groupby,21.0,,0.0099999933399933,,0.4475017709996791,,300.0,
digits,0.2,majority,having_top_groups,21.0,,0.0106382978723404,,0.4475017709996791,,300.0,
digits,0.2,majority,selection_groupby,21.0,,0.03666666000666,,0.4475017709996791,,300.0,
digits,0.2,no_repair,category_join_filter,21.0,,0.8279458275058275,,0.2739607080002315,,300.0,
digits,0.2,no_repair,geo_join_groupby,21.0,,0.5824660273060273,,0.2739607080002315,,300.0,
digits,0.2,no_repair,having_top_groups,21.0,,1.3665670287159648,,0.2739607080002315,,300.0,
digits,0.2,no_repair,selection_groupby,21.0,,1.1760430502830503,,0.2739607080002315,,300.0,
digits,0.2,parc,category_join_filter,21.0,,0.0,,1.331644044999848,,300.0,
digits,0.2,parc,geo_join_groupby,21.0,,0.0,,1.331644044999848,,300.0,
digits,0.2,parc,having_top_groups,21.0,,0.0,,1.331644044999848,,300.0,
digits,0.2,parc,selection_groupby,21.0,,0.0,,1.331644044999848,,300.0,
iris,0.2,dependency_truth,category_join_filter,21.0,,0.0,,0.6217556310002692,,150.0,
iris,0.2,dependency_truth,geo_join_groupby,21.0,,0.0,,0.6217556310002692,,150.0,
iris,0.2,dependency_truth,having_top_groups,21.0,,0.0,,0.6217556310002692,,150.0,
iris,0.2,dependency_truth,selection_groupby,21.0,,0.0,,0.6217556310002692,,150.0,
iris,0.2,iterative_truth,category_join_filter,21.0,,0.0,,0.4488343230000282,,150.0,
iris,0.2,iterative_truth,geo_join_groupby,21.0,,0.0,,0.4488343230000282,,150.0,
iris,0.2,iterative_truth,having_top_groups,21.0,,0.0,,0.4488343230000282,,150.0,
iris,0.2,iterative_truth,selection_groupby,21.0,,0.0,,0.4488343230000282,,150.0,
iris,0.2,majority,category_join_filter,21.0,,0.0133871449925261,,0.1729111500003455,,150.0,
iris,0.2,majority,geo_join_groupby,21.0,,0.0254731815269931,,0.1729111500003455,,150.0,
iris,0.2,majority,having_top_groups,21.0,,0.0177277968668103,,0.1729111500003455,,150.0,
iris,0.2,majority,selection_groupby,21.0,,0.0177277968668103,,0.1729111500003455,,150.0,
iris,0.2,no_repair,category_join_filter,21.0,,0.8529420224021121,,0.1402519479997863,,150.0,
iris,0.2,no_repair,geo_join_groupby,21.0,,0.6640036029740065,,0.1402519479997863,,150.0,
iris,0.2,no_repair,having_top_groups,21.0,,1.0887709277269817,,0.1402519479997863,,150.0,
iris,0.2,no_repair,selection_groupby,21.0,,1.130112010560441,,0.1402519479997863,,150.0,
iris,0.2,parc,category_join_filter,21.0,,0.0,,0.6787592159998894,,150.0,
iris,0.2,parc,geo_join_groupby,21.0,,0.0,,0.6787592159998894,,150.0,
iris,0.2,parc,having_top_groups,21.0,,0.0,,0.6787592159998894,,150.0,
iris,0.2,parc,selection_groupby,21.0,,0.0,,0.6787592159998894,,150.0,
midwest,0.2,dependency_truth,category_join_filter,21.0,,0.0,,1.342692229000022,,300.0,
midwest,0.2,dependency_truth,geo_join_groupby,21.0,,0.0,,1.342692229000022,,300.0,
midwest,0.2,dependency_truth,having_top_groups,21.0,,0.0,,1.342692229000022,,300.0,
midwest,0.2,dependency_truth,selection_groupby,21.0,,0.0,,1.342692229000022,,300.0,
midwest,0.2,iterative_truth,category_join_filter,21.0,,0.0,,0.8343411209998521,,300.0,
midwest,0.2,iterative_truth,geo_join_groupby,21.0,,0.0,,0.8343411209998521,,300.0,
midwest,0.2,iterative_truth,having_top_groups,21.0,,0.0,,0.8343411209998521,,300.0,
midwest,0.2,iterative_truth,selection_groupby,21.0,,0.0,,0.8343411209998521,,300.0,
midwest,0.2,majority,category_join_filter,21.0,,0.0147615280244626,,0.3485535580002761,,300.0,
midwest,0.2,majority,geo_join_groupby,21.0,,0.0117050385971771,,0.3485535580002761,,300.0,
midwest,0.2,majority,having_top_groups,21.0,,0.0,,0.3485535580002761,,300.0,
midwest,0.2,majority,selection_groupby,21.0,,0.0295230560489253,,0.3485535580002761,,300.0,
midwest,0.2,no_repair,category_join_filter,21.0,,0.8410033039824436,,0.2725602969999272,,300.0,
midwest,0.2,no_repair,geo_join_groupby,21.0,,0.6408143301833242,,0.2725602969999272,,300.0,
midwest,0.2,no_repair,having_top_groups,21.0,,4.825005304353586,,0.2725602969999272,,300.0,
midwest,0.2,no_repair,selection_groupby,21.0,,1.1672704676093704,,0.2725602969999272,,300.0,
midwest,0.2,parc,category_join_filter,21.0,,0.0,,1.4525797950000197,,300.0,
midwest,0.2,parc,geo_join_groupby,21.0,,0.0,,1.4525797950000197,,300.0,
midwest,0.2,parc,having_top_groups,21.0,,0.0,,1.4525797950000197,,300.0,
midwest,0.2,parc,selection_groupby,21.0,,0.0,,1.4525797950000197,,300.0,
mpg,0.2,dependency_truth,category_join_filter,21.0,,0.0095815613309706,,0.9639404180002202,,234.0,
mpg,0.2,dependency_truth,geo_join_groupby,21.0,,0.0029420653671982,,0.9639404180002202,,234.0,
mpg,0.2,dependency_truth,having_top_groups,21.0,,0.0089662837767705,,0.9639404180002202,,234.0,
mpg,0.2,dependency_truth,selection_groupby,21.0,,0.0164357649143532,,0.9639404180002202,,234.0,
mpg,0.2,iterative_truth,category_join_filter,21.0,,0.0020611833037999,,0.694957777000127,,234.0,
mpg,0.2,iterative_truth,geo_join_groupby,21.0,,0.0,,0.694957777000127,,234.0,
mpg,0.2,iterative_truth,having_top_groups,21.0,,0.0,,0.694957777000127,,234.0,
mpg,0.2,iterative_truth,selection_groupby,21.0,,0.0041223666075999,,0.694957777000127,,234.0,
mpg,0.2,majority,category_join_filter,21.0,,0.0353846721795629,,0.2477109689998542,,234.0,
mpg,0.2,majority,geo_join_groupby,21.0,,0.0,,0.2477109689998542,,234.0,
mpg,0.2,majority,having_top_groups,21.0,,0.0301525793170259,,0.2477109689998542,,234.0,
mpg,0.2,majority,selection_groupby,21.0,,0.0707693443591258,,0.2477109689998542,,234.0,
mpg,0.2,no_repair,category_join_filter,21.0,,0.7975254602283914,,0.2252493969999704,,234.0,
mpg,0.2,no_repair,geo_join_groupby,21.0,,0.5719259819846426,,0.2252493969999704,,234.0,
mpg,0.2,no_repair,having_top_groups,21.0,,1.136825000864962,,0.2252493969999704,,234.0,
mpg,0.2,no_repair,selection_groupby,21.0,,1.042758343177791,,0.2252493969999704,,234.0,
mpg,0.2,parc,category_join_filter,21.0,,0.0096889151407757,,1.0181447329996445,,234.0,
mpg,0.2,parc,geo_join_groupby,21.0,,0.0028347115573931,,1.0181447329996445,,234.0,
mpg,0.2,parc,having_top_groups,21.0,,0.0089662837767705,,1.0181447329996445,,234.0,
mpg,0.2,parc,selection_groupby,21.0,,0.0165431187241583,,1.0181447329996445,,234.0,
txhousing,0.2,dependency_truth,category_join_filter,21.0,,0.0,,1.2159738369996376,,300.0,
txhousing,0.2,dependency_truth,geo_join_groupby,21.0,,0.0,,1.2159738369996376,,300.0,
txhousing,0.2,dependency_truth,having_top_groups,21.0,,0.0,,1.2159738369996376,,300.0,
txhousing,0.2,dependency_truth,selection_groupby,21.0,,0.0,,1.2159738369996376,,300.0,
txhousing,0.2,iterative_truth,category_join_filter,21.0,,0.0,,0.8310969139997724,,300.0,
txhousing,0.2,iterative_truth,geo_join_groupby,21.0,,0.0,,0.8310969139997724,,300.0,
txhousing,0.2,iterative_truth,having_top_groups,21.0,,0.0,,0.8310969139997724,,300.0,
txhousing,0.2,iterative_truth,selection_groupby,21.0,,0.0,,0.8310969139997724,,300.0,
txhousing,0.2,majority,category_join_filter,21.0,,0.0233002115704506,,0.3541380889996617,,300.0,
txhousing,0.2,majority,geo_join_groupby,21.0,,0.0190271464307707,,0.3541380889996617,,300.0,
txhousing,0.2,majority,having_top_groups,21.0,,0.4463129700272479,,0.3541380889996617,,300.0,
txhousing,0.2,majority,selection_groupby,21.0,,0.0386475077869679,,0.3541380889996617,,300.0,
txhousing,0.2,no_repair,category_join_filter,21.0,,0.8253756525338628,,0.2660068209997916,,300.0,
txhousing,0.2,no_repair,geo_join_groupby,21.0,,0.5571810345488414,,0.2660068209997916,,300.0,
txhousing,0.2,no_repair,having_top_groups,21.0,,4.045460817438692,,0.2660068209997916,,300.0,
txhousing,0.2,no_repair,selection_groupby,21.0,,1.1965639412917553,,0.2660068209997916,,300.0,
txhousing,0.2,parc,category_join_filter,21.0,,0.0,,1.2511888029998772,,300.0,
txhousing,0.2,parc,geo_join_groupby,21.0,,0.0,,1.2511888029998772,,300.0,
txhousing,0.2,parc,having_top_groups,21.0,,0.0,,1.2511888029998772,,300.0,
txhousing,0.2,parc,selection_groupby,21.0,,0.0,,1.2511888029998772,,300.0,
wine,0.2,dependency_truth,category_join_filter,21.0,,0.0,,0.6764707160000398,,178.0,
wine,0.2,dependency_truth,geo_join_groupby,21.0,,0.0,,0.6764707160000398,,178.0,
wine,0.2,dependency_truth,having_top_groups,21.0,,0.0,,0.6764707160000398,,178.0,
wine,0.2,dependency_truth,selection_groupby,21.0,,0.0,,0.6764707160000398,,178.0,
wine,0.2,iterative_truth,category_join_filter,21.0,,0.0,,0.4773449780000192,,178.0,
wine,0.2,iterative_truth,geo_join_groupby,21.0,,0.0,,0.4773449780000192,,178.0,
wine,0.2,iterative_truth,having_top_groups,21.0,,0.0,,0.4773449780000192,,178.0,
wine,0.2,iterative_truth,selection_groupby,21.0,,0.0,,0.4773449780000192,,178.0,
wine,0.2,majority,category_join_filter,21.0,,0.0382891946633611,,0.260817212999882,,178.0,
wine,0.2,majority,geo_join_groupby,21.0,,0.0222372362514428,,0.260817212999882,,178.0,
wine,0.2,majority,having_top_groups,21.0,,0.0765783893267223,,0.260817212999882,,178.0,
wine,0.2,majority,selection_groupby,21.0,,0.0765783893267223,,0.260817212999882,,178.0,
wine,0.2,no_repair,category_join_filter,21.0,,0.8315128822903356,,0.15463326400004,,178.0,
wine,0.2,no_repair,geo_join_groupby,21.0,,0.6427241497045044,,0.15463326400004,,178.0,
wine,0.2,no_repair,having_top_groups,21.0,,1.0604956062642703,,0.15463326400004,,178.0,
wine,0.2,no_repair,selection_groupby,21.0,,1.0853929081181024,,0.15463326400004,,178.0,
wine,0.2,parc,category_join_filter,21.0,,0.0,,0.7519817819998025,,178.0,
wine,0.2,parc,geo_join_groupby,21.0,,0.0,,0.7519817819998025,,178.0,
wine,0.2,parc,having_top_groups,21.0,,0.0,,0.7519817819998025,,178.0,
wine,0.2,parc,selection_groupby,21.0,,0.0,,0.7519817819998025,,178.0,
